date_1,day,month,year,temp2(c),temp2_max(c),temp2_min(c),temp2_ave(c),suface_pressure(pa),wind_speed50_max(m/s),wind_speed50_min(m/s),wind_speed50_ave(m/s),prectotcorr,total_demand(mw),date_2,max_generation(mw)
01-01-2018,1,1,2018,19.11,24.48,13.78,19.13,101.08,5.05,0.23,2.64,0,8000,01-01-2018,7651
02-01-2018,2,1,2018,18.24,23.16,15.28,19.22,100.94,6.2,1.59,3.895,0.01,7900,02-01-2018,7782
03-01-2018,3,1,2018,15.78,22.65,11.52,17.085,101.12,6.96,3.64,5.3,0.17,7900,03-01-2018,7707
04-01-2018,4,1,2018,13.78,20.32,8.19,14.255,101.34,5.91,1.54,3.725,0.34,8000,04-01-2018,7715
05-01-2018,5,1,2018,13.87,20.79,8.24,14.515,101.17,6.02,3.09,4.555,0,7200,05-01-2018,6926
06-01-2018,6,1,2018,13.41,21.08,7.8,14.44,101.1,5.72,2.17,3.945,0,8000,06-01-2018,7616
07-01-2018,7,1,2018,12.95,19.84,7.42,13.63,101.26,4.6,1.73,3.165,0,7900,07-01-2018,7700
08-01-2018,8,1,2018,13.15,19.33,8.52,13.925,101.48,4.36,0.71,2.535,0,7900,08-01-2018,7868
09-01-2018,9,1,2018,12.8,19.47,7.08,13.275,101.59,3.59,1.54,2.565,0,7900,09-01-2018,7895
10-01-2018,10,1,2018,12.83,19.65,6.43,13.04,101.61,4.88,1.43,3.155,0,8000,10-01-2018,7755
11-01-2018,11,1,2018,12.81,19.15,7.83,13.49,101.53,3.72,1.34,2.53,0,7900,11-01-2018,7972
12-01-2018,12,1,2018,13.73,20.31,8.9,14.605,101.43,3.56,1.34,2.45,0,7500,12-01-2018,7020
13-01-2018,13,1,2018,14.87,20.99,10.04,15.515,101.37,3.43,0.09,1.76,0,7900,13-01-2018,7842
14-01-2018,14,1,2018,14.86,21.15,9.95,15.55,101.42,5.84,1.96,3.9,0,8100,14-01-2018,7627
15-01-2018,15,1,2018,15.01,21.63,9.28,15.455,101.33,5.25,1.83,3.54,0,7900,15-01-2018,7970
16-01-2018,16,1,2018,15.47,22.05,10.21,16.13,101.28,5.23,2.21,3.72,0,8000,16-01-2018,7784
17-01-2018,17,1,2018,15.56,22.9,10.01,16.455,101.28,5.81,1.77,3.79,0,7900,17-01-2018,8061
18-01-2018,18,1,2018,16.12,23.89,10.44,17.165,101.26,5.5,1.52,3.51,0,8100,18-01-2018,7878
19-01-2018,19,1,2018,15.55,22.87,9.63,16.25,101.36,4.24,1.81,3.025,0,7500,19-01-2018,7273
20-01-2018,20,1,2018,15.87,22.49,10.07,16.28,101.26,3.62,1.22,2.42,0,8000,20-01-2018,7684
21-01-2018,21,1,2018,16.12,22.87,11.45,17.16,101.24,5.1,0.5,2.8,0,8100,21-01-2018,7841
22-01-2018,22,1,2018,15.63,23.3,9.4,16.35,101.13,4.69,1.25,2.97,0,8100,22-01-2018,7810
23-01-2018,23,1,2018,16.32,23.42,10.46,16.94,101.03,4.31,1.52,2.915,0,8200,23-01-2018,7881
24-01-2018,24,1,2018,17.33,23.5,11.77,17.635,100.9,3.05,0.64,1.845,0,8100,24-01-2018,7973
25-01-2018,25,1,2018,17.76,24.79,12.3,18.545,100.93,4.7,2.16,3.43,0,8100,25-01-2018,8183
26-01-2018,26,1,2018,16.7,23.57,10.65,17.11,101.05,5.12,1.45,3.285,0,7700,26-01-2018,7285
27-01-2018,27,1,2018,15.89,21.98,10.94,16.46,101.15,3.73,1.21,2.47,0,8000,27-01-2018,8051
28-01-2018,28,1,2018,15.65,21.67,10.28,15.975,101.33,3.7,0.42,2.06,0,8300,28-01-2018,8144
29-01-2018,29,1,2018,15.76,21.89,10.91,16.4,101.4,3.51,0.34,1.925,0,8300,29-01-2018,8251
30-01-2018,30,1,2018,16.43,22.49,10.44,16.465,101.26,3.6,0.62,2.11,0,8350,30-01-2018,8231
31-01-2018,31,1,2018,16.08,23.34,9.77,16.555,101.15,5,1.52,3.26,0,8350,31-01-2018,8186
01-02-2018,1,2,2018,17.71,24.08,11.26,17.67,101.11,5.28,0.58,2.93,0,8350,01-02-2018,8162
02-02-2018,2,2,2018,19.38,24.43,13.89,19.16,101.14,2.41,0.46,1.435,0,7500,02-02-2018,7262
03-02-2018,3,2,2018,19.58,25.28,13.46,19.37,101.25,3.26,0.69,1.975,0,8000,03-02-2018,8109
04-02-2018,4,2,2018,20.14,26.72,13.15,19.935,101.21,5.11,0.66,2.885,0,8350,04-02-2018,8139
05-02-2018,5,2,2018,20.65,26.83,14.74,20.785,101.48,5.38,0.63,3.005,0,8350,05-02-2018,8247
06-02-2018,6,2,2018,20.49,26.36,15.79,21.075,101.3,4.28,0.8,2.54,0,8400,06-02-2018,7976
07-02-2018,7,2,2018,19.98,27.22,13.75,20.485,101.05,4.7,2.62,3.66,0,8400,07-02-2018,8258
08-02-2018,8,2,2018,20.23,26.51,16.03,21.27,100.97,6.64,2.52,4.58,0,8400,08-02-2018,8115
09-02-2018,9,2,2018,20.36,27.65,13.31,20.48,101.04,5.95,1.17,3.56,0.01,7500,09-02-2018,7449
10-02-2018,10,2,2018,20.41,26.16,15.9,21.03,101.34,5.55,1.69,3.62,0.2,8350,10-02-2018,8144
11-02-2018,11,2,2018,19.48,25.78,14.37,20.075,101.56,3.77,0.76,2.265,0.14,8400,11-02-2018,8032
12-02-2018,12,2,2018,19.28,27.36,12.73,20.045,101.61,7.35,1.37,4.36,0,8300,12-02-2018,8165
13-02-2018,13,2,2018,19.55,28.22,12.49,20.355,101.66,7.02,2.67,4.845,0,8400,13-02-2018,8421
14-02-2018,14,2,2018,20.55,27.28,14.75,21.015,101.62,5.44,2.59,4.015,0,8600,14-02-2018,8419
15-02-2018,15,2,2018,20.17,27.08,14.18,20.63,101.68,4.09,2.23,3.16,0,8500,15-02-2018,8288
16-02-2018,16,2,2018,19.4,26.77,12.3,19.535,101.46,4.91,2.51,3.71,0,7700,16-02-2018,7455
17-02-2018,17,2,2018,20.57,27.15,14.16,20.655,101.09,3.64,0.41,2.025,0,8100,17-02-2018,8158
18-02-2018,18,2,2018,22.08,27.87,16.01,21.94,101.04,3.27,0.34,1.805,0,8450,18-02-2018,8465
19-02-2018,19,2,2018,22.58,28.64,15.3,21.97,101.12,3.44,0.34,1.89,0,8600,19-02-2018,8551
20-02-2018,20,2,2018,22.76,28.98,16.46,22.72,101.1,3.36,0.75,2.055,0,8700,20-02-2018,8553
21-02-2018,21,2,2018,22.94,29.65,17.1,23.375,100.91,4.36,0.59,2.475,0,8400,21-02-2018,7631
22-02-2018,22,2,2018,22.78,29.37,16.3,22.835,100.88,3.84,0.77,2.305,0,8600,22-02-2018,8508
23-02-2018,23,2,2018,24.3,31.02,17.77,24.395,100.96,4.64,1.38,3.01,0,7700,23-02-2018,7980
24-02-2018,24,2,2018,24.58,31.94,17.83,24.885,101.16,3.67,1.59,2.63,0.03,8500,24-02-2018,8848
25-02-2018,25,2,2018,25.45,32.84,18.1,25.47,101.1,4.16,0.35,2.255,0.06,9200,25-02-2018,8763
26-02-2018,26,2,2018,24.28,31.22,18.65,24.935,100.96,5.39,0.23,2.81,21.14,8500,26-02-2018,8060
27-02-2018,27,2,2018,23.73,30.12,18.53,24.325,101.05,4.96,0.45,2.705,8.05,8600,27-02-2018,8768
28-02-2018,28,2,2018,23.65,29.95,17.89,23.92,101.02,4.8,0.67,2.735,0.63,9000,28-02-2018,8794
01-03-2018,1,3,2018,24.76,30.44,19.96,25.2,100.91,3.05,0.41,1.73,0,9000,01-03-2018,8835
02-03-2018,2,3,2018,24.98,31.32,18.31,24.815,100.76,3.92,1,2.46,0,8500,02-03-2018,8316
03-03-2018,3,3,2018,25.2,32.95,18.04,25.495,100.5,7.3,1.95,4.625,0,9000,03-03-2018,9262
04-03-2018,4,3,2018,25.18,33.69,17.15,25.42,100.65,7.84,1.17,4.505,0,9500,04-03-2018,9032
05-03-2018,5,3,2018,25.84,33.8,18.78,26.29,100.84,6.4,1.63,4.015,0,9500,05-03-2018,9015
06-03-2018,6,3,2018,25.32,33.26,18.74,26,100.87,5.74,1.26,3.5,0.02,9600,06-03-2018,9307
07-03-2018,7,3,2018,24.34,32.33,16.93,24.63,101.07,4.62,1.43,3.025,0.02,9600,07-03-2018,9431
08-03-2018,8,3,2018,23.89,31.41,15.9,23.655,101.12,4.22,2.56,3.39,0,9600,08-03-2018,9241
09-03-2018,9,3,2018,24.95,32.38,18.12,25.25,100.98,4.3,1.41,2.855,0,8700,09-03-2018,8306
10-03-2018,10,3,2018,25.28,32.57,18.3,25.435,100.97,3.59,0.45,2.02,0,9500,10-03-2018,9249
11-03-2018,11,3,2018,25.2,33.28,17.22,25.25,101.01,5.41,0.2,2.805,0,9500,11-03-2018,9454
12-03-2018,12,3,2018,25.56,34.02,17.26,25.64,100.93,5.64,1.62,3.63,0,9600,12-03-2018,9533
13-03-2018,13,3,2018,25.99,33.9,20.14,27.02,100.88,6.34,1.66,4,0,9700,13-03-2018,9616
14-03-2018,14,3,2018,25.83,33.55,18.23,25.89,100.8,6.38,1.27,3.825,0,9800,14-03-2018,9494
15-03-2018,15,3,2018,26.72,34.48,19.37,26.925,100.7,5.35,1.12,3.235,0,9700,15-03-2018,9715
16-03-2018,16,3,2018,26.66,34.19,20.44,27.315,100.61,8.49,0.73,4.61,0.14,8600,16-03-2018,8842
17-03-2018,17,3,2018,27.94,34.94,21.74,28.34,100.72,7.09,1.09,4.09,0.41,9300,17-03-2018,9467
18-03-2018,18,3,2018,27.4,34.47,21.08,27.775,100.95,5.03,1.92,3.475,0.03,9900,18-03-2018,9939
19-03-2018,19,3,2018,26.82,35.12,19.66,27.39,101.06,5.47,0.91,3.19,0.11,10000,19-03-2018,10084
20-03-2018,20,3,2018,27.19,34.85,19.88,27.365,100.85,3.51,0.15,1.83,0,10100,20-03-2018,9578
21-03-2018,21,3,2018,27.4,35.1,19.08,27.09,100.76,4.71,0.45,2.58,0,10000,21-03-2018,9714
22-03-2018,22,3,2018,27.48,35.58,20.2,27.89,100.56,6.82,1.63,4.225,0,10000,22-03-2018,9819
23-03-2018,23,3,2018,27.98,35.54,21.3,28.42,100.61,6.98,2.1,4.54,0.08,9300,23-03-2018,9344
24-03-2018,24,3,2018,28.48,34.85,22.33,28.59,100.93,6.73,1.4,4.065,0.87,9700,24-03-2018,9470
25-03-2018,25,3,2018,29.2,35.03,23.19,29.11,101.07,4.35,0.59,2.47,2.06,9950,25-03-2018,8962
26-03-2018,26,3,2018,28.6,34.74,22.95,28.845,100.93,6.51,1.79,4.15,7.24,9600,26-03-2018,8654
27-03-2018,27,3,2018,27.45,34.26,21.56,27.91,100.81,7.25,0.42,3.835,4.79,9700,27-03-2018,9318
28-03-2018,28,3,2018,28.48,35.07,22.35,28.71,100.74,6.95,1.29,4.12,4.59,9900,28-03-2018,9306
29-03-2018,29,3,2018,28.48,35.18,22.17,28.675,100.68,8.05,3.12,5.585,0.53,10200,29-03-2018,9147
30-03-2018,30,3,2018,28.55,36.08,22.42,29.25,100.68,8.84,3.94,6.39,1.24,9600,30-03-2018,5487
31-03-2018,31,3,2018,25.75,30.8,22.53,26.665,100.87,6.55,1.46,4.005,38.09,7500,31-03-2018,8314
01-04-2018,1,4,2018,26.33,32.01,20.07,26.04,100.88,4.23,0.2,2.215,9.16,9900,01-04-2018,9147
02-04-2018,2,4,2018,25.44,29.91,21.15,25.53,100.93,4.28,1.47,2.875,0.67,9950,02-04-2018,9258
03-04-2018,3,4,2018,27.89,33.95,21.39,27.67,100.8,4.27,0.81,2.54,0.03,9900,03-04-2018,9350
04-04-2018,4,4,2018,28.69,35.08,22.18,28.63,100.62,3.32,0.33,1.825,0,9900,04-04-2018,9248
05-04-2018,5,4,2018,27.4,32.79,22.23,27.51,100.53,4.5,3.16,3.83,0.29,9750,05-04-2018,7443
06-04-2018,6,4,2018,26,30.29,21.9,26.095,100.75,5.88,1.73,3.805,21.79,8500,06-04-2018,8396
07-04-2018,7,4,2018,25.95,29.37,22.2,25.785,100.91,5.93,1.58,3.755,9.23,9000,07-04-2018,9255
08-04-2018,8,4,2018,25.75,29.03,22.98,26.005,100.99,4.82,0.51,2.665,12.98,9800,08-04-2018,9200
09-04-2018,9,4,2018,26.52,30.86,21.69,26.275,100.99,3.64,1.45,2.545,7.12,9800,09-04-2018,9510
10-04-2018,10,4,2018,27.25,31.85,22.65,27.25,100.83,4.3,1.74,3.02,1.88,9900,10-04-2018,9355
11-04-2018,11,4,2018,27.25,32.17,21.97,27.07,100.73,4.92,0.98,2.95,15.67,10000,11-04-2018,8943
12-04-2018,12,4,2018,27.32,32.66,21.78,27.22,100.63,5.41,1.6,3.505,7.8,9650,12-04-2018,8917
13-04-2018,13,4,2018,27.16,32.63,21.58,27.105,100.71,5.73,1.75,3.74,4.48,9200,13-04-2018,9257
14-04-2018,14,4,2018,27.98,33.65,22.51,28.08,100.6,7.77,2.55,5.16,16.09,9300,14-04-2018,7665
15-04-2018,15,4,2018,28.3,34.04,22.19,28.115,100.63,7.47,1.08,4.275,7.65,9800,15-04-2018,9961
16-04-2018,16,4,2018,28.87,34.4,22.51,28.455,100.73,3.77,0.26,2.015,2.6,10100,16-04-2018,9702
17-04-2018,17,4,2018,27.87,33.18,23.62,28.4,100.78,6.91,0.69,3.8,13.49,10100,17-04-2018,8464
18-04-2018,18,4,2018,27.55,32.44,23.36,27.9,100.63,6.6,2.71,4.655,12.9,10000,18-04-2018,9758
19-04-2018,19,4,2018,27.75,32.44,23.58,28.01,100.43,8.02,3.83,5.925,18.79,10000,19-04-2018,9425
20-04-2018,20,4,2018,28.31,33.41,24.01,28.71,100.44,9.27,4.91,7.09,11.96,9600,20-04-2018,8095
21-04-2018,21,4,2018,28.45,33.1,24.84,28.97,100.39,7.36,5.33,6.345,28.97,9600,21-04-2018,8498
22-04-2018,22,4,2018,28.4,32.83,24.86,28.845,100.53,6.99,3.62,5.305,13.71,9800,22-04-2018,8461
23-04-2018,23,4,2018,28.54,33.3,24.3,28.8,100.61,6.82,1.62,4.22,3.28,10000,23-04-2018,9778
24-04-2018,24,4,2018,28.63,33.62,24.19,28.905,100.57,7.08,1.69,4.385,5.44,10300,24-04-2018,10137
25-04-2018,25,4,2018,27.78,32.69,23.07,27.88,100.48,7.03,3.17,5.1,3.99,10500,25-04-2018,8591
26-04-2018,26,4,2018,26.98,30.91,23.47,27.19,100.63,5.66,2.77,4.215,22.17,10100,26-04-2018,9261
27-04-2018,27,4,2018,25.58,28.37,23.4,25.885,100.84,4.93,2.2,3.565,14.33,8600,27-04-2018,8876
28-04-2018,28,4,2018,26.73,30.83,21.94,26.385,100.74,6.05,1.14,3.595,23.11,9500,28-04-2018,9573
29-04-2018,29,4,2018,26.54,30.36,23.14,26.75,100.52,8.73,3.95,6.34,59.54,9500,29-04-2018,7807
30-04-2018,30,4,2018,26.26,30.23,22.94,26.585,100.56,5.88,4.47,5.175,68.49,9500,30-04-2018,6579
01-05-2018,1,5,2018,26.54,30.24,23.32,26.78,100.65,4.52,0.48,2.5,30.31,9000,01-05-2018,6579
02-05-2018,2,5,2018,26.8,30.26,23.39,26.825,100.72,4.56,2.92,3.74,4.82,9000,02-05-2018,6579
03-05-2018,3,5,2018,26.67,29.88,23.6,26.74,100.81,4.41,2.07,3.24,10.77,9000,03-05-2018,9091
04-05-2018,4,5,2018,26.93,30.29,24,27.145,100.69,4.75,2.55,3.65,16.3,9000,04-05-2018,8024
05-05-2018,5,5,2018,27.45,31.65,23.48,27.565,100.57,7.9,3.09,5.495,26.9,9300,05-05-2018,8883
06-05-2018,6,5,2018,28.39,32.69,24.8,28.745,100.51,8.66,4.76,6.71,6.76,6400,06-05-2018,9758
07-05-2018,7,5,2018,28.49,32.95,25.42,29.185,100.33,8.07,6.54,7.305,13.12,9800,07-05-2018,9641
08-05-2018,8,5,2018,29.15,33.68,25.48,29.58,100.27,8.1,5.36,6.73,3.22,10000,08-05-2018,9566
09-05-2018,9,5,2018,28.82,33,25.88,29.44,100.46,7.87,4.3,6.085,9.07,10000,09-05-2018,9446
10-05-2018,10,5,2018,28.05,31.69,25.14,28.415,100.71,8.38,4.12,6.25,18.57,10000,10-05-2018,8033
11-05-2018,11,5,2018,27.47,31.11,24.33,27.72,100.61,6.8,1.55,4.175,7.04,8500,11-05-2018,6549
12-05-2018,12,5,2018,27.79,31.33,24.96,28.145,100.63,4.64,1.23,2.935,5.19,9500,12-05-2018,9449
13-05-2018,13,5,2018,27.52,30.91,24.52,27.715,100.62,7.11,2.72,4.915,7.68,10200,13-05-2018,9160
14-05-2018,14,5,2018,27.25,29.97,24.66,27.315,100.65,5.92,1.21,3.565,11.09,10000,14-05-2018,9464
15-05-2018,15,5,2018,27.3,30.76,23.59,27.175,100.51,6.12,1.94,4.03,18.35,10000,15-05-2018,9313
16-05-2018,16,5,2018,26.16,29.23,23.61,26.42,100.46,5.84,1.93,3.885,22.36,9600,16-05-2018,8753
17-05-2018,17,5,2018,26.98,30.35,23.69,27.02,100.38,4.93,0.8,2.865,13.19,9800,17-05-2018,9703
18-05-2018,18,5,2018,27.73,31.4,24.1,27.75,100.29,4.44,1.45,2.945,16.93,9000,18-05-2018,8668
19-05-2018,19,5,2018,28.04,31.62,24.58,28.1,100.27,6.16,1.45,3.805,14.74,9700,19-05-2018,9917
20-05-2018,20,5,2018,28.48,32.13,25.01,28.57,100.34,7.16,2.41,4.785,16.92,10000,20-05-2018,9715
21-05-2018,21,5,2018,28.23,31.75,24.87,28.31,100.36,6.42,3.17,4.795,13.54,9800,21-05-2018,
22-05-2018,22,5,2018,28.33,31.54,25.5,28.52,100.45,6.7,3.45,5.075,4.09,,22-05-2018,10147
23-05-2018,23,5,2018,27.62,30.07,25.88,27.975,100.43,6.6,3.62,5.11,41,10000,23-05-2018,9904
24-05-2018,24,5,2018,27.47,29.61,25.76,27.685,100.31,6.45,4.56,5.505,7.9,10200,24-05-2018,10130
25-05-2018,25,5,2018,27.91,30.24,25.9,28.07,100.22,7.2,5.28,6.24,12.54,9900,25-05-2018,8960
26-05-2018,26,5,2018,28.36,30.89,26.39,28.64,100.26,6.73,4.71,5.72,14.73,10000,26-05-2018,10699
27-05-2018,27,5,2018,28.53,31.28,25.63,28.455,100.31,6.21,3.96,5.085,5.58,11000,27-05-2018,10825
28-05-2018,28,5,2018,28.73,31.97,25.9,28.935,100.06,5.66,4.12,4.89,2.51,11000,28-05-2018,10958
29-05-2018,29,5,2018,29.26,33.05,25.34,29.195,100.01,5.4,1.02,3.21,35.71,11000,29-05-2018,10875
30-05-2018,30,5,2018,29.5,33.47,25.16,29.315,100.03,6.34,1.83,4.085,34.97,11000,30-05-2018,9869
31-05-2018,31,5,2018,28.32,31.15,26.07,28.61,100.31,6.14,4.08,5.11,36.41,10000,31-05-2018,9887
01-06-2018,1,6,2018,27.28,29.29,25.21,27.25,100.51,5.59,3.37,4.48,13.78,9800,01-06-2018,9198
02-06-2018,2,6,2018,27.15,29.55,24.62,27.085,100.44,4.49,1.35,2.92,15.86,9800,02-06-2018,10364
03-06-2018,3,6,2018,28.27,31.31,25.51,28.41,100.14,4.77,2.88,3.825,8.85,11000,03-06-2018,10602
04-06-2018,4,6,2018,28.34,30.36,26.39,28.375,100.14,4.52,3.02,3.77,26.04,11000,04-06-2018,10716
05-06-2018,5,6,2018,28.22,31.3,24.91,28.105,100.36,6.28,2.16,4.22,9.49,11000,05-06-2018,10903
06-06-2018,6,6,2018,28.88,32.12,25.77,28.945,100.34,4.83,1.3,3.065,3.43,11000,06-06-2018,10948
07-06-2018,7,6,2018,29.04,31.37,27.08,29.225,100.05,4.61,1.31,2.96,6.96,11300,07-06-2018,10907
08-06-2018,8,6,2018,28.73,31.19,26.51,28.85,99.8,4.1,1.23,2.665,4.4,10200,08-06-2018,10561
09-06-2018,9,6,2018,29.21,32.17,26.91,29.54,99.43,4.58,0.12,2.35,7.11,11000,09-06-2018,10249
10-06-2018,10,6,2018,28.26,30.51,26.7,28.605,99.17,8.62,2.75,5.685,28.75,11200,10-06-2018,10044
11-06-2018,11,6,2018,28.86,31.73,26.63,29.18,99.03,9.73,2.91,6.32,6.74,10800,11-06-2018,10480
12-06-2018,12,6,2018,28.88,30.86,27.28,29.07,99.17,5.62,3.03,4.325,14.61,11000,12-06-2018,9286
13-06-2018,13,6,2018,29.01,31.65,26.89,29.27,99.26,7.01,4.73,5.87,14.19,10700,13-06-2018,10263
14-06-2018,14,6,2018,29.19,32.04,27.02,29.53,99.47,7.15,4.22,5.685,5.87,10500,14-06-2018,9944
15-06-2018,15,6,2018,29.27,32.28,26.91,29.595,99.63,7.23,5.72,6.475,16.49,10000,15-06-2018,8616
16-06-2018,16,6,2018,28.58,30.58,26.75,28.665,99.84,7.38,5.5,6.44,9.82,9000,16-06-2018,7749
17-06-2018,17,6,2018,29.54,33.55,26.41,29.98,99.77,6.68,2.44,4.56,7.01,9200,17-06-2018,8503
18-06-2018,18,6,2018,29.48,32.76,26.32,29.54,99.75,5.92,4.19,5.055,10.38,9500,18-06-2018,9132
19-06-2018,19,6,2018,29.15,31.98,26.99,29.485,99.85,6.06,4.52,5.29,21.66,9500,19-06-2018,8229
20-06-2018,20,6,2018,28.66,31,26.64,28.82,100.06,5.47,2.73,4.1,15.49,9500,20-06-2018,9186
21-06-2018,21,6,2018,28.55,30.83,26.98,28.905,100.13,5.9,4.41,5.155,5.6,9700,21-06-2018,9641
22-06-2018,22,6,2018,28.47,30.62,26.51,28.565,100.09,6.79,3.95,5.37,4.02,9500,22-06-2018,9651
23-06-2018,23,6,2018,28.26,30.87,26.59,28.73,100.03,6.47,3.73,5.1,13.41,10000,23-06-2018,10021
24-06-2018,24,6,2018,27.97,30.07,26.41,28.24,99.93,6.43,4.12,5.275,18.77,10500,24-06-2018,9839
25-06-2018,25,6,2018,28.55,31.46,26.45,28.955,99.76,6,3.17,4.585,17.99,10500,25-06-2018,10094
26-06-2018,26,6,2018,28.73,31.95,26.3,29.125,99.76,6.51,1.02,3.765,15.68,10600,26-06-2018,10337
27-06-2018,27,6,2018,28.05,31.08,26.13,28.605,99.94,11.39,5.61,8.5,8.25,10700,27-06-2018,10426
28-06-2018,28,6,2018,27.9,30.47,26.18,28.325,100.24,7.95,5,6.475,15.3,10700,28-06-2018,10359
29-06-2018,29,6,2018,28.54,31.87,25.72,28.795,100.19,6.34,4.47,5.405,2.07,10000,29-06-2018,9456
30-06-2018,30,6,2018,28.28,30.83,26.11,28.47,100.1,7.26,5.3,6.28,0.5,10900,30-06-2018,10679
01-07-2018,1,7,2018,28.22,30.4,26.43,28.415,100.08,7.11,5.47,6.29,20.36,11000,01-07-2018,10490
02-07-2018,2,7,2018,28.55,31.39,26.61,29,99.95,7.23,5.98,6.605,16.65,11000,02-07-2018,10639
03-07-2018,3,7,2018,27.65,29.54,26.56,28.05,99.85,8.42,6.01,7.215,65.41,10800,03-07-2018,10639
04-07-2018,4,7,2018,27.83,29.47,26.35,27.91,99.81,8.55,5.09,6.82,21.56,10800,04-07-2018,10046
05-07-2018,5,7,2018,28.89,31.94,26.3,29.12,99.81,6.15,3.05,4.6,3.89,10500,05-07-2018,10754
06-07-2018,6,7,2018,29.17,32.37,26.62,29.495,99.75,6.19,3.3,4.745,4.5,10300,06-07-2018,10426
07-07-2018,7,7,2018,29.26,32.69,26.55,29.62,99.74,6.36,4.17,5.265,0.44,10700,07-07-2018,11059
08-07-2018,8,7,2018,28.85,31.51,26.74,29.125,99.76,9.81,4.73,7.27,2.29,11300,08-07-2018,10791
09-07-2018,9,7,2018,28.97,32.23,26.62,29.425,99.83,7.84,5.48,6.66,7.88,11000,09-07-2018,10966
10-07-2018,10,7,2018,28.61,30.33,26.65,28.49,99.86,7.07,5.2,6.135,20.19,11200,10-07-2018,10975
11-07-2018,11,7,2018,28.74,31.42,26.56,28.99,99.75,6.12,4.2,5.16,1.51,11300,11-07-2018,11210
12-07-2018,12,7,2018,28.56,30.35,26.79,28.57,99.68,7.41,4.52,5.965,5.73,11400,12-07-2018,11149
13-07-2018,13,7,2018,28.87,31.72,26.97,29.345,99.7,5.91,4.32,5.115,1.56,11000,13-07-2018,10304
14-07-2018,14,7,2018,28.94,31.6,26.65,29.125,99.64,4.88,3.65,4.265,1.87,11500,14-07-2018,11306
15-07-2018,15,7,2018,29.15,32.05,26.71,29.38,99.61,9.03,4.64,6.835,1.62,11500,15-07-2018,11113
16-07-2018,16,7,2018,28.88,32.56,26.93,29.745,99.65,9.55,4.99,7.27,6.69,11300,16-07-2018,10978
17-07-2018,17,7,2018,29.13,32.19,26.74,29.465,99.74,7.45,6.08,6.765,9.8,11300,17-07-2018,10928
18-07-2018,18,7,2018,29.59,32.92,26.67,29.795,99.76,5.69,4.48,5.085,3.81,11400,18-07-2018,11184
19-07-2018,19,7,2018,30.66,34.12,27.15,30.635,99.61,3.74,1.41,2.575,0.91,11600,19-07-2018,11144
20-07-2018,20,7,2018,30.34,33.55,27.26,30.405,99.51,9.1,1.2,5.15,3.15,11300,20-07-2018,10357
21-07-2018,21,7,2018,28.56,31.3,26.83,29.065,99.64,11.09,5.85,8.47,16.9,11600,21-07-2018,10621
22-07-2018,22,7,2018,28.34,31.35,26.69,29.02,99.72,13.68,6.89,10.285,18.88,11400,22-07-2018,10670
23-07-2018,23,7,2018,28.25,30.71,26.16,28.435,99.91,7.07,5.38,6.225,42.17,11400,23-07-2018,10271
24-07-2018,24,7,2018,28.24,30.68,26.53,28.605,100,5.61,2.11,3.86,59.27,11200,24-07-2018,9945
25-07-2018,25,7,2018,28.15,30.67,26.33,28.5,99.97,5.74,3.77,4.755,68.95,9800,25-07-2018,10340
26-07-2018,26,7,2018,28.15,30.83,25.74,28.285,99.9,6.8,3.11,4.955,40.06,10600,26-07-2018,10256
27-07-2018,27,7,2018,28.41,31.18,26.03,28.605,99.78,7.4,3.39,5.395,33.62,10500,27-07-2018,9613
28-07-2018,28,7,2018,28.26,31.04,26.01,28.525,99.86,6.8,3.91,5.355,23.99,11000,28-07-2018,10359
29-07-2018,29,7,2018,28.11,30.08,26.19,28.135,99.83,6.23,4.55,5.39,22.72,10000,29-07-2018,10552
30-07-2018,30,7,2018,28.26,30.65,26.3,28.475,99.79,7.17,3.02,5.095,15.1,11400,30-07-2018,10538
31-07-2018,31,7,2018,27.55,30.07,25.9,27.985,99.76,6.28,3.88,5.08,9.35,11200,31-07-2018,10651
01-08-2018,1,8,2018,28.35,31.88,25.76,28.82,99.68,8.59,1.95,5.27,23.87,11200,01-08-2018,10115
02-08-2018,2,8,2018,27.16,29.28,25.74,27.51,99.9,8.41,5.95,7.18,7.23,10800,02-08-2018,10086
03-08-2018,3,8,2018,27.95,30.88,25.97,28.425,99.87,6.62,4.54,5.58,19.1,10200,03-08-2018,9727
04-08-2018,4,8,2018,28.62,31.73,26.28,29.005,99.82,5.78,3.03,4.405,5.27,10500,04-08-2018,10518
05-08-2018,5,8,2018,28.73,31.77,26.24,29.005,99.82,5.4,3.95,4.675,10.02,11400,05-08-2018,10862
06-08-2018,6,8,2018,28.33,30.14,26.58,28.36,99.72,6.9,0.38,3.64,13.32,11400,06-08-2018,10646
07-08-2018,7,8,2018,27.98,30.24,26.05,28.145,99.8,6.56,0.91,3.735,4.28,11300,07-08-2018,10862
08-08-2018,8,8,2018,27.55,29.87,25.62,27.745,100.04,6.3,4.38,5.34,1.01,11500,08-08-2018,10902
09-08-2018,9,8,2018,28.52,31.61,25.93,28.77,100.17,5.65,4.09,4.87,0.7,11500,09-08-2018,11045
10-08-2018,10,8,2018,28.98,31.99,26.16,29.075,100.06,5.18,2.59,3.885,1.39,10500,10-08-2018,10617
11-08-2018,11,8,2018,28.76,31.52,26.78,29.15,99.82,6.46,3.91,5.185,3.17,11400,11-08-2018,11095
12-08-2018,12,8,2018,28.37,30.73,26.72,28.725,99.66,6.11,2.8,4.455,4.47,11800,12-08-2018,10086
13-08-2018,13,8,2018,28.99,32.12,26.37,29.245,99.67,5.39,3.14,4.265,1.34,10200,13-08-2018,11174
14-08-2018,14,8,2018,28.39,30.01,26.69,28.35,99.65,5.85,2.73,4.29,2.62,11800,14-08-2018,11099
15-08-2018,15,8,2018,28.16,30.62,26.86,28.74,99.93,9.37,4.47,6.92,14.77,11000,15-08-2018,10512
16-08-2018,16,8,2018,28.74,31.65,26.69,29.17,100.08,6.64,4.9,5.77,8.67,11800,16-08-2018,11152
17-08-2018,17,8,2018,28.33,29.94,26.33,28.135,99.87,4.8,1.7,3.25,5.36,11000,17-08-2018,10940
18-08-2018,18,8,2018,28.98,31.38,26.4,28.89,99.69,3.3,1.41,2.355,5.76,11500,18-08-2018,10885
19-08-2018,19,8,2018,29.28,33.05,26.98,30.015,99.61,7.8,1.02,4.41,7.28,11500,19-08-2018,10727
20-08-2018,20,8,2018,28.82,32.07,26.57,29.32,99.88,7.39,3.16,5.275,13.97,11000,20-08-2018,9839
21-08-2018,21,8,2018,28.75,31.92,26.33,29.125,99.95,6.16,3.54,4.85,9.46,10100,21-08-2018,9064
22-08-2018,22,8,2018,29.05,32.12,26.58,29.35,99.89,5.77,4.15,4.96,4.51,8800,22-08-2018,8955
23-08-2018,23,8,2018,28.58,30.87,27.08,28.975,99.92,5.68,3.91,4.795,10.18,9200,23-08-2018,9040
24-08-2018,24,8,2018,28.24,30.36,26.74,28.55,99.95,5.79,4.19,4.99,7.72,9500,24-08-2018,8996
25-08-2018,25,8,2018,28.69,31.65,26.16,28.905,99.86,5.52,4.45,4.985,14.76,9500,25-08-2018,9330
26-08-2018,26,8,2018,28.36,31.39,26.48,28.935,99.78,6.58,2.4,4.49,3.31,10400,26-08-2018,9725
27-08-2018,27,8,2018,27.84,29.99,26.29,28.14,99.9,6.43,2.77,4.6,2.15,10500,27-08-2018,9901
28-08-2018,28,8,2018,28.3,31.27,26.04,28.655,100.11,7.12,5.56,6.34,4.39,10800,28-08-2018,10127
29-08-2018,29,8,2018,28.51,31.8,25.93,28.865,100.17,6.94,4.33,5.635,6.62,10800,29-08-2018,10340
30-08-2018,30,8,2018,28.66,31.73,26.06,28.895,100.04,6.3,3.82,5.06,3.9,11000,30-08-2018,10540
31-08-2018,31,8,2018,28.88,32.23,26.23,29.23,100.04,6.41,3.85,5.13,4.08,10700,31-08-2018,10142
01-09-2018,1,9,2018,28.26,30.39,26.51,28.45,100.19,6.82,4.03,5.425,9.58,10800,01-09-2018,10617
02-09-2018,2,9,2018,28.23,30.97,25.87,28.42,100.26,7.1,5.46,6.28,15.14,11100,02-09-2018,10225
03-09-2018,3,9,2018,28.26,30.98,26.08,28.53,100.16,6.02,4.55,5.285,12.57,11300,03-09-2018,11015
04-09-2018,4,9,2018,28.87,32.26,25.54,28.9,100.12,4.46,0.84,2.65,6.25,11500,04-09-2018,10892
05-09-2018,5,9,2018,28.11,31.33,25.98,28.655,99.98,6.88,1.93,4.405,7.05,11400,05-09-2018,10852
06-09-2018,6,9,2018,27.53,30.88,24.94,27.91,100.04,11.2,6.06,8.63,4.93,11500,06-09-2018,10637
07-09-2018,7,9,2018,27.99,31.59,25.5,28.545,100.36,8.62,5.42,7.02,1.27,10700,07-09-2018,10266
08-09-2018,8,9,2018,28.42,32.08,25.19,28.635,100.44,5.84,3.3,4.57,0.46,11400,08-09-2018,10898
09-09-2018,9,9,2018,27.66,30.19,25.72,27.955,100.53,6.24,3.5,4.87,0.35,11600,09-09-2018,11129
10-09-2018,10,9,2018,27.89,30.94,25.34,28.14,100.71,6.4,4.35,5.375,4.41,,10-09-2018,
11-09-2018,11,9,2018,28.08,31.26,25.82,28.54,100.61,6.04,4.35,5.195,5.68,,11-09-2018,
12-09-2018,12,9,2018,27.85,30.54,26.05,28.295,100.4,6.72,3.99,5.355,12.61,11300,12-09-2018,10625
13-09-2018,13,9,2018,27.98,30.88,25.83,28.355,100.31,5.84,3.45,4.645,70.46,11000,13-09-2018,10830
14-09-2018,14,9,2018,27.87,30.19,25.98,28.085,100.45,5.49,2.09,3.79,31.6,10500,14-09-2018,10277
15-09-2018,15,9,2018,28.67,31.62,26.08,28.85,100.51,3.93,0.39,2.16,0.83,11400,15-09-2018,11292
16-09-2018,16,9,2018,28.26,31.76,25.45,28.605,100.34,4.05,1.52,2.785,0.06,11500,16-09-2018,11289
17-09-2018,17,9,2018,28.9,32.43,25.32,28.875,100.16,4.36,2.01,3.185,0.02,11600,17-09-2018,11534
18-09-2018,18,9,2018,28.86,31.96,25.76,28.86,100.17,4.91,1.33,3.12,0,11800,18-09-2018,11363
19-09-2018,19,9,2018,28.87,32.06,26.02,29.04,100.21,4.44,2.05,3.245,0.66,11500,19-09-2018,11623
20-09-2018,20,9,2018,27.81,30.01,26.28,28.145,100.43,4.94,1.25,3.095,19.37,11800,20-09-2018,10420
21-09-2018,21,9,2018,27.48,30.7,25.65,28.175,100.77,7.14,1.7,4.42,3.24,,21-09-2018,
22-09-2018,22,9,2018,27.98,31.19,25.52,28.355,101.06,4.49,0.51,2.5,0.3,,22-09-2018,
23-09-2018,23,9,2018,28.23,31.6,24.98,28.29,100.98,3.88,1.29,2.585,0.16,11600,23-09-2018,11432
24-09-2018,24,9,2018,27.9,30.98,25.23,28.105,100.75,6.52,2.7,4.61,0.05,11700,24-09-2018,11557
25-09-2018,25,9,2018,27.67,30.28,25.69,27.985,100.57,6.44,2.91,4.675,0.92,11700,25-09-2018,11140
26-09-2018,26,9,2018,27.3,29.9,25.65,27.775,100.56,5.16,2.02,3.59,1.06,11700,26-09-2018,11348
27-09-2018,27,9,2018,27.65,30.84,24.77,27.805,100.64,3.96,1.02,2.49,4.29,11600,27-09-2018,10946
28-09-2018,28,9,2018,28.41,31.4,25.48,28.44,100.68,2.93,0.98,1.955,4.28,11000,28-09-2018,10891
29-09-2018,29,9,2018,28.93,32.51,25.26,28.885,100.64,3.3,1.07,2.185,1.58,11500,29-09-2018,11280
30-09-2018,30,9,2018,28.81,32.67,25.24,28.955,100.63,3.12,2.18,2.65,0.09,11700,30-09-2018,11574
01-10-2018,1,10,2018,28.63,32.84,24.6,28.72,100.71,3.28,1.3,2.29,0.03,11900,01-10-2018,11198
02-10-2018,2,10,2018,27.91,32.35,23.37,27.86,100.76,3.88,2.61,3.245,0,11600,02-10-2018,11485
03-10-2018,3,10,2018,27.94,31.62,23.57,27.595,100.77,3.83,1.36,2.595,1.22,11800,03-10-2018,11472
04-10-2018,4,10,2018,28.51,32.66,24.05,28.355,100.82,2.6,0.27,1.435,4.51,11600,04-10-2018,11394
05-10-2018,5,10,2018,27.83,31.68,23.92,27.8,100.87,3.23,0.6,1.915,3.32,11200,05-10-2018,10548
06-10-2018,6,10,2018,28.06,31.41,24.68,28.045,100.86,2.79,1.01,1.9,1.41,11500,06-10-2018,11431
07-10-2018,7,10,2018,27.9,31.33,23.76,27.545,100.85,2.63,1.05,1.84,0.82,11600,07-10-2018,11400
08-10-2018,8,10,2018,28.25,31.74,24.5,28.12,100.8,3.14,0.67,1.905,0,11700,08-10-2018,11205
09-10-2018,9,10,2018,26.98,31.11,23.87,27.49,100.79,5.08,0.63,2.855,0,11500,09-10-2018,10891
10-10-2018,10,10,2018,25.65,29.08,23.48,26.28,100.83,5.84,1.37,3.605,3.97,11000,10-10-2018,9966
11-10-2018,11,10,2018,24.3,25.73,23.34,24.535,100.96,7.5,5.32,6.41,19.52,10500,11-10-2018,9110
12-10-2018,12,10,2018,25.33,28.38,22.84,25.61,100.95,5.95,3.98,4.965,1.55,9500,12-10-2018,8103
13-10-2018,13,10,2018,24.4,25.68,23.37,24.525,100.9,6.18,3.75,4.965,6.57,9500,13-10-2018,8830
14-10-2018,14,10,2018,25.18,28.87,22.3,25.585,100.89,5.09,2.36,3.725,10.61,10800,14-10-2018,9456
15-10-2018,15,10,2018,25.77,30.3,21.3,25.8,101.09,3.42,2.16,2.79,0.72,10800,15-10-2018,9862
16-10-2018,16,10,2018,25.55,29.74,20.95,25.345,101.1,3.34,0.38,1.86,0,10600,16-10-2018,9886
17-10-2018,17,10,2018,25.59,29.63,20.52,25.075,100.99,2.71,0.21,1.46,0,10600,17-10-2018,9821
18-10-2018,18,10,2018,25.65,30.17,21.12,25.645,100.92,3.05,1.52,2.285,2.16,10400,18-10-2018,9842
19-10-2018,19,10,2018,26.3,30.61,21.65,26.13,101,3.09,0.63,1.86,5.91,9500,19-10-2018,9086
20-10-2018,20,10,2018,26.4,31.08,21.77,26.425,101.11,3.58,0.41,1.995,0,10000,20-10-2018,10158
21-10-2018,21,10,2018,26.02,30.65,21.55,26.1,101.15,3.79,1.45,2.62,0,10700,21-10-2018,10286
22-10-2018,22,10,2018,25.69,30.62,21.25,25.935,101.02,3.67,1.15,2.41,0,10600,22-10-2018,10237
23-10-2018,23,10,2018,25.53,30.2,21.28,25.74,101.02,3.98,1.27,2.625,0,10600,23-10-2018,10198
24-10-2018,24,10,2018,25.27,29.94,20.93,25.435,101.07,2.9,1.66,2.28,0.16,10500,24-10-2018,10075
25-10-2018,25,10,2018,24.55,29.89,20.19,25.04,101.23,4.17,1.68,2.925,0,10400,25-10-2018,9582
26-10-2018,26,10,2018,24.09,29.87,19.01,24.44,101.32,3.8,1.23,2.515,0,9900,26-10-2018,8584
27-10-2018,27,10,2018,24.73,29.51,20.03,24.77,101.34,3.74,0.5,2.12,0,10300,27-10-2018,9879
28-10-2018,28,10,2018,24.33,28.6,20.87,24.735,101.36,5.91,1.39,3.65,2.29,10300,28-10-2018,8651
29-10-2018,29,10,2018,23.65,27.23,21.04,24.135,101.32,5.51,1.02,3.265,0.58,9600,29-10-2018,8776
30-10-2018,30,10,2018,23.26,27.59,20.02,23.805,101.29,5.37,3.29,4.33,0.04,9800,30-10-2018,9101
31-10-2018,31,10,2018,24.04,28.51,20.4,24.455,101.26,4.78,3.12,3.95,0,10000,31-10-2018,9460
01-11-2018,1,11,2018,25.77,30.8,20.4,25.6,101.2,4.03,0.72,2.375,0,10000,01-11-2018,9670
02-11-2018,2,11,2018,26.41,30.44,22.1,26.27,101.14,1.47,0.09,0.78,0.01,9200,02-11-2018,8751
03-11-2018,3,11,2018,25.87,30.01,21.58,25.795,101.16,3.3,0.25,1.775,0.68,9500,03-11-2018,9760
04-11-2018,4,11,2018,24.81,29.84,20.54,25.19,101.14,5.2,3.09,4.145,1.47,10400,04-11-2018,9900
05-11-2018,5,11,2018,25.23,30.43,20.9,25.665,101.05,7.13,3.7,5.415,1.04,10500,05-11-2018,9454
06-11-2018,6,11,2018,24.96,29.41,21.71,25.56,101.09,6.67,2.48,4.575,9.86,10200,06-11-2018,9667
07-11-2018,7,11,2018,23.86,28.48,20.06,24.27,101.3,3.67,2.44,3.055,0.27,9700,07-11-2018,9256
08-11-2018,8,11,2018,22.5,28.55,17.76,23.155,101.22,4.41,2.66,3.535,0,9700,08-11-2018,8956
09-11-2018,9,11,2018,22.74,27.84,18.3,23.07,101.1,2.95,1.54,2.245,0,9300,09-11-2018,7724
10-11-2018,10,11,2018,22.55,27.76,18.08,22.92,101.14,3.35,1.38,2.365,0,9500,10-11-2018,8723
11-11-2018,11,11,2018,22.57,27.52,17.65,22.585,101.22,3.03,1.48,2.255,0,9500,11-11-2018,8724
12-11-2018,12,11,2018,23.09,28.05,17.86,22.955,101.1,2.62,1.31,1.965,0,9200,12-11-2018,8815
13-11-2018,13,11,2018,23.39,28.11,18.59,23.35,100.93,2.6,0.59,1.595,0,9000,13-11-2018,8806
14-11-2018,14,11,2018,23.86,28.65,18.49,23.57,100.99,1.78,0.04,0.91,0,,14-11-2018,
15-11-2018,15,11,2018,23.51,29.12,18.58,23.85,101.1,5.26,1.18,3.22,0,,15-11-2018,
16-11-2018,16,11,2018,23.37,29.4,17.45,23.425,101.06,5.26,0.43,2.845,0,8500,16-11-2018,7696
17-11-2018,17,11,2018,22.66,27.91,17.74,22.825,101.03,4.92,0.62,2.77,0,9000,17-11-2018,8603
18-11-2018,18,11,2018,21.29,27.54,16.36,21.95,101.28,4.66,1.34,3,0,9200,18-11-2018,8656
19-11-2018,19,11,2018,20.33,26.87,14.7,20.785,101.43,4.46,1.8,3.13,0,9000,19-11-2018,8585
20-11-2018,20,11,2018,21.53,27,17.55,22.275,101.37,3.06,0.23,1.645,0,8900,20-11-2018,8441
21-11-2018,21,11,2018,21.01,27.33,15.84,21.585,101.44,3.71,1.37,2.54,0,8000,21-11-2018,8087
22-11-2018,22,11,2018,21.5,27.46,16.55,22.005,101.43,3.34,1.33,2.335,0,8900,22-11-2018,8433
23-11-2018,23,11,2018,22.3,27.09,18.23,22.66,101.43,3.68,0.72,2.2,0,7900,23-11-2018,7550
24-11-2018,24,11,2018,22.6,27.59,18.39,22.99,101.43,2.7,1.12,1.91,0,8800,24-11-2018,8358
25-11-2018,25,11,2018,22.05,27.77,17.39,22.58,101.42,3.09,1.16,2.125,0,8800,25-11-2018,8361
26-11-2018,26,11,2018,21.51,27.37,15.32,21.345,101.35,3.47,1.38,2.425,0,8800,26-11-2018,8460
27-11-2018,27,11,2018,22.04,28.04,15.55,21.795,101.52,4.07,1.02,2.545,0,8700,27-11-2018,8502
28-11-2018,28,11,2018,21.69,27.99,15.62,21.805,101.54,4.07,0.7,2.385,0,8800,28-11-2018,8516
29-11-2018,29,11,2018,21.98,27.76,16.2,21.98,101.57,2.95,0.55,1.75,0,8700,29-11-2018,8464
30-11-2018,30,11,2018,21.04,26.68,15.55,21.115,101.54,3.38,1.23,2.305,0,7600,30-11-2018,7556
01-12-2018,1,12,2018,20.85,26.69,15.75,21.22,101.34,3.67,1.59,2.63,0,8500,01-12-2018,8347
02-12-2018,2,12,2018,21.54,27.01,16.87,21.94,101.19,4.13,0.91,2.52,0,8700,02-12-2018,8369
03-12-2018,3,12,2018,21.32,26.57,17.99,22.28,101.33,3.72,0.76,2.24,0,8600,03-12-2018,8418
04-12-2018,4,12,2018,20.75,26.79,16.24,21.515,101.41,3.98,1.65,2.815,0,8600,04-12-2018,8534
05-12-2018,5,12,2018,20.15,26.19,14.94,20.565,101.21,4.14,2.52,3.33,0,8800,05-12-2018,8458
06-12-2018,6,12,2018,20.45,26.55,15.91,21.23,101.1,5.94,2.21,4.075,0,8600,06-12-2018,8452
07-12-2018,7,12,2018,19.43,26.33,14.22,20.275,101.17,4.5,1.86,3.18,0,7600,07-12-2018,7505
08-12-2018,8,12,2018,18.17,25.53,12.44,18.985,101.34,5.68,3.09,4.385,0,6200,08-12-2018,8350
09-12-2018,9,12,2018,18.94,25.93,12.81,19.37,101.26,6.12,2.96,4.54,0,8500,09-12-2018,8421
10-12-2018,10,12,2018,20.35,26.86,14.67,20.765,101.24,3.4,1.79,2.595,0,8600,10-12-2018,8380
11-12-2018,11,12,2018,20.47,27.37,13.74,20.555,101.2,3.59,0.29,1.94,0,8600,11-12-2018,8482
12-12-2018,12,12,2018,20.29,26.93,14.57,20.75,101.37,3.44,0.99,2.215,0,8600,12-12-2018,8349
13-12-2018,13,12,2018,20.13,27.33,13.83,20.58,101.48,4.6,1.29,2.945,0,8500,13-12-2018,8326
14-12-2018,14,12,2018,20.46,26.67,15.77,21.22,101.58,4.17,2.43,3.3,0,8200,14-12-2018,7596
15-12-2018,15,12,2018,19.3,26.33,12.79,19.56,101.67,6.3,2.33,4.315,0,8000,15-12-2018,8095
16-12-2018,16,12,2018,20.51,26.52,15.06,20.79,101.69,3.89,0.52,2.205,0.01,8100,16-12-2018,7198
17-12-2018,17,12,2018,19.74,23.83,16.9,20.365,101.62,6.45,0.55,3.5,5.07,8400,17-12-2018,7990
18-12-2018,18,12,2018,18.87,21.65,16.31,18.98,101.32,6.95,2.62,4.785,20.89,8200,18-12-2018,7865
19-12-2018,19,12,2018,17.72,23.85,13.58,18.715,101.52,7.73,3.87,5.8,0.16,6500,19-12-2018,8150
20-12-2018,20,12,2018,16.8,23.49,11.03,17.26,101.5,6.13,1.54,3.835,0,8300,20-12-2018,8096
21-12-2018,21,12,2018,17.39,23.71,11.8,17.755,101.41,5.88,2.05,3.965,0,7600,21-12-2018,7375
22-12-2018,22,12,2018,17.41,23.83,11.83,17.83,101.48,5.05,2.65,3.85,0,8200,22-12-2018,8296
23-12-2018,23,12,2018,18.12,24.69,11.44,18.065,101.45,6.38,1.86,4.12,0,8600,23-12-2018,8280
24-12-2018,24,12,2018,18.3,25.05,12.38,18.715,101.33,4.33,1.56,2.945,0,8500,24-12-2018,8336
25-12-2018,25,12,2018,17.37,23.75,11.56,17.655,101.3,5.45,2.13,3.79,0,8000,25-12-2018,8188
26-12-2018,26,12,2018,15.97,22.8,10.22,16.51,101.29,3.93,1.65,2.79,0,8500,26-12-2018,8476
27-12-2018,27,12,2018,15.39,22.6,8.94,15.77,101.23,4.3,2.65,3.475,0,8500,27-12-2018,8178
28-12-2018,28,12,2018,14.83,22.93,8.64,15.785,101.29,5.19,1.91,3.55,0,7800,28-12-2018,7378
29-12-2018,29,12,2018,13.71,22.15,7.01,14.58,101.62,6.15,1.54,3.845,0,8100,29-12-2018,7257
30-12-2018,30,12,2018,15.57,24.59,8.19,16.39,101.7,6.38,2.77,4.575,0,7500,30-12-2018,6317
31-12-2018,31,12,2018,17.17,26.15,10.16,18.155,101.67,5.32,0.48,2.9,0,7800,31-12-2018,7542
01-01-2019,1,1,2019,18.19,25.96,11.9,18.93,101.71,4.69,0.27,2.48,0,8000,01-01-2019,7991
02-01-2019,2,1,2019,17.86,25.19,12,18.595,101.69,4.41,1.42,2.915,0,8300,02-01-2019,8339
03-01-2019,3,1,2019,17.77,25.44,13.26,19.35,101.71,4.91,0.43,2.67,0,8400,03-01-2019,8222
04-01-2019,4,1,2019,15.62,23.6,9.27,16.435,101.83,5.25,1.92,3.585,0,7500,04-01-2019,7436
05-01-2019,5,1,2019,17.2,25.14,9.26,17.2,101.64,5.16,1.53,3.345,0,8100,05-01-2019,8241
06-01-2019,6,1,2019,19.11,26.2,12.62,19.41,101.49,2.48,0.4,1.44,0,8500,06-01-2019,8347
07-01-2019,7,1,2019,19.77,26.84,12.91,19.875,101.31,2.49,0.39,1.44,0,8500,07-01-2019,8157
08-01-2019,8,1,2019,18.94,26.49,12.34,19.415,101.2,4.28,1.83,3.055,0,8300,08-01-2019,8384
09-01-2019,9,1,2019,18.8,25.72,13.51,19.615,101.37,3.74,1.52,2.63,0,8400,09-01-2019,8397
10-01-2019,10,1,2019,17.59,24.58,12.46,18.52,101.48,4.16,1.8,2.98,0,8400,10-01-2019,8348
11-01-2019,11,1,2019,17.29,24.46,10.94,17.7,101.53,3.82,1.08,2.45,0,7600,11-01-2019,7479
12-01-2019,12,1,2019,18.27,25.37,11.87,18.62,101.49,4.21,0.91,2.56,0,8400,12-01-2019,8417
13-01-2019,13,1,2019,19.19,26.49,12.96,19.725,101.47,3.31,0.76,2.035,0,8500,13-01-2019,8621
14-01-2019,14,1,2019,18.28,25.73,12.43,19.08,101.32,4.57,1.07,2.82,0,8700,14-01-2019,8563
15-01-2019,15,1,2019,17.41,25.01,11.45,18.23,101.47,6.02,3.48,4.75,0,8600,15-01-2019,8540
16-01-2019,16,1,2019,17.19,25.04,9.72,17.38,101.54,6.68,2.18,4.43,0,8600,16-01-2019,8544
17-01-2019,17,1,2019,18.31,26.35,12.51,19.43,101.3,4.89,0.8,2.845,0,8600,17-01-2019,8515
18-01-2019,18,1,2019,18.59,25.86,13.1,19.48,101.31,4.29,0.48,2.385,0,7700,18-01-2019,
19-01-2019,19,1,2019,17.23,24.96,11.15,18.055,101.44,4.95,1.91,3.43,0,7700,19-01-2019,8564
20-01-2019,20,1,2019,17.81,25.4,11.86,18.63,101.48,5.07,1.59,3.33,0,8800,20-01-2019,8651
21-01-2019,21,1,2019,19.86,26.77,13.16,19.965,101.44,2.96,1.2,2.08,0,8800,21-01-2019,8748
22-01-2019,22,1,2019,21.19,27.91,13.85,20.88,101.46,2.91,0.38,1.645,0,8800,22-01-2019,8599
23-01-2019,23,1,2019,21.09,28.12,13.31,20.715,101.43,3.18,0.91,2.045,0,8700,23-01-2019,8846
24-01-2019,24,1,2019,20.83,28.72,14.12,21.42,101.48,5.14,2.09,3.615,0,8900,24-01-2019,8774
25-01-2019,25,1,2019,21.18,28.67,13.89,21.28,101.51,5.3,1.13,3.215,0,8000,25-01-2019,7864
26-01-2019,26,1,2019,21.35,29.83,14.22,22.025,101.5,7.36,1.53,4.445,0,8800,26-01-2019,8769
27-01-2019,27,1,2019,20.91,27.99,14.73,21.36,101.5,7.58,2.2,4.89,0,8900,27-01-2019,8814
28-01-2019,28,1,2019,21.07,27.94,15.3,21.62,101.49,7.74,3.99,5.865,0,8900,28-01-2019,8891
29-01-2019,29,1,2019,19.04,25.85,13.39,19.62,101.49,7.91,5.03,6.47,0,8900,29-01-2019,8748
30-01-2019,30,1,2019,16.67,24.65,9.14,16.895,101.7,7.24,1.82,4.53,0,8900,30-01-2019,6317
31-01-2019,31,1,2019,18.88,27.01,10.2,18.605,101.62,5.02,0.45,2.735,0,,31-01-2019,8793
01-02-2019,1,2,2019,20.13,28.33,11.87,20.1,101.46,4.7,0.57,2.635,0,8200,01-02-2019,8038
02-02-2019,2,2,2019,21.01,27.79,15.09,21.44,101.3,3.1,0.7,1.9,0,8800,02-02-2019,8744
03-02-2019,3,2,2019,21.06,28.37,14.78,21.575,101.51,3.42,0.41,1.915,0,8900,03-02-2019,8763
04-02-2019,4,2,2019,20.57,27.98,14.51,21.245,101.65,4.33,1.63,2.98,0,8900,04-02-2019,8919
05-02-2019,5,2,2019,20.51,28.15,13.33,20.74,101.52,3.7,1.69,2.695,0,8900,05-02-2019,8867
06-02-2019,6,2,2019,20.9,27.51,14.37,20.94,101.24,2.36,0.73,1.545,0,9000,06-02-2019,9063
07-02-2019,7,2,2019,21.19,29.48,13.22,21.35,101.31,4.42,0.58,2.5,0,9100,07-02-2019,8880
08-02-2019,8,2,2019,22.48,29.85,15.46,22.655,101.27,4.59,0.45,2.52,0.01,8200,08-02-2019,7853
09-02-2019,9,2,2019,21.58,28.05,16.97,22.51,101.32,8.54,2.66,5.6,1.57,8900,09-02-2019,8806
10-02-2019,10,2,2019,19.1,26.62,13.91,20.265,101.64,6.71,3.7,5.205,0.01,8900,10-02-2019,8733
11-02-2019,11,2,2019,18.37,26.82,10.6,18.71,101.67,4.78,2.92,3.85,0,9000,11-02-2019,8863
12-02-2019,12,2,2019,20.04,28.28,12.3,20.29,101.7,6.24,2.07,4.155,0,8900,12-02-2019,8376
13-02-2019,13,2,2019,21.4,29.24,14.26,21.75,101.63,5.52,2.31,3.915,0,9100,13-02-2019,9030
14-02-2019,14,2,2019,23.19,31.08,15,23.04,101.35,4.29,1.38,2.835,0,9000,14-02-2019,9061
15-02-2019,15,2,2019,23.8,31.65,16.83,24.24,101.29,5.23,1.34,3.285,0,8200,15-02-2019,8243
16-02-2019,16,2,2019,22.49,29.1,17.61,23.355,101.25,6.14,1.79,3.965,1.21,8900,16-02-2019,8838
17-02-2019,17,2,2019,20.59,27.05,15.97,21.51,100.97,7.59,1.54,4.565,6.4,8600,17-02-2019,8824
18-02-2019,18,2,2019,20.68,27.1,14.91,21.005,101.02,4.37,0.37,2.37,0,9000,18-02-2019,8891
19-02-2019,19,2,2019,22.25,30.41,14.75,22.58,101.22,6.42,0.4,3.41,0,8900,19-02-2019,9066
20-02-2019,20,2,2019,23.07,31.96,15.9,23.93,101.47,7.25,3.59,5.42,0,9100,20-02-2019,9159
21-02-2019,21,2,2019,23.36,31.76,16.17,23.965,101.51,5.6,0.67,3.135,0,8500,21-02-2019,8096
22-02-2019,22,2,2019,24.33,31.82,16.95,24.385,101.18,5.34,1.05,3.195,0,8200,22-02-2019,8345
23-02-2019,23,2,2019,25.88,33.38,18.51,25.945,100.85,6.08,2.34,4.21,0,8900,23-02-2019,9397
24-02-2019,24,2,2019,25.71,32.89,18.65,25.77,100.89,4.1,1.08,2.59,0,9500,24-02-2019,9403
25-02-2019,25,2,2019,24.06,29.74,19.24,24.49,100.92,6.16,0.34,3.25,8.34,9400,25-02-2019,8684
26-02-2019,26,2,2019,21.88,27.15,17.1,22.125,101,6.73,0.45,3.59,20.78,8600,26-02-2019,8480
27-02-2019,27,2,2019,22.56,28.45,18.29,23.37,100.88,4.73,2.27,3.5,20.96,8900,27-02-2019,6518
28-02-2019,28,2,2019,22.48,28.21,18.63,23.42,100.93,7.35,1.38,4.365,16.78,8600,28-02-2019,7995
01-03-2019,1,3,2019,20.08,27.22,14.03,20.625,101.29,5.19,2.29,3.74,0.06,8000,01-03-2019,7459
02-03-2019,2,3,2019,19.9,27.94,11.3,19.62,101.29,4.36,1.22,2.79,0,8800,02-03-2019,8509
03-03-2019,3,3,2019,21.32,28.9,14.46,21.68,100.98,6.23,1.41,3.82,0,8900,03-03-2019,8493
04-03-2019,4,3,2019,21.33,26.45,16.83,21.64,100.76,7.27,1.23,4.25,0.12,9000,04-03-2019,8736
05-03-2019,5,3,2019,22.92,29.19,19.15,24.17,100.58,7.15,2.04,4.595,8.2,8700,05-03-2019,8611
06-03-2019,6,3,2019,23.9,29.49,17.44,23.465,100.81,4.44,0.2,2.32,0.04,9000,06-03-2019,8900
07-03-2019,7,3,2019,24.81,30.01,18.52,24.265,100.95,2.59,0.35,1.47,0,9100,07-03-2019,8721
08-03-2019,8,3,2019,22.98,30.01,16.27,23.14,101.05,5.19,1.16,3.175,0,8300,08-03-2019,8075
09-03-2019,9,3,2019,22.58,30.63,14.9,22.765,101.08,5.76,1.3,3.53,0,8800,09-03-2019,8941
10-03-2019,10,3,2019,23.78,31.63,15.58,23.605,101.11,7.59,3.1,5.345,0,9300,10-03-2019,9369
11-03-2019,11,3,2019,26.15,32.08,19.12,25.6,101.16,6.51,0.63,3.57,0,9500,11-03-2019,9965
12-03-2019,12,3,2019,26.46,34.77,19.09,26.93,101.02,6.59,2.02,4.305,0,10000,12-03-2019,10071
13-03-2019,13,3,2019,27.08,35.27,18.56,26.915,101.1,5.73,0.78,3.255,0,10200,13-03-2019,10500
14-03-2019,14,3,2019,27.88,35.27,20.86,28.065,101.12,7.38,0.41,3.895,0,10700,14-03-2019,10441
15-03-2019,15,3,2019,27.47,34.83,20.94,27.885,101.14,8.36,1.56,4.96,0.11,9500,15-03-2019,9644
16-03-2019,16,3,2019,27.95,35.76,21.11,28.435,101.1,8.73,2.39,5.56,0.06,10000,16-03-2019,10796
17-03-2019,17,3,2019,28.54,35.78,20.76,28.27,101.13,5.95,0.95,3.45,3.18,11000,17-03-2019,10499
18-03-2019,18,3,2019,25.3,30.38,20.77,25.575,101.08,7.33,1.71,4.52,3.08,10700,18-03-2019,10034
19-03-2019,19,3,2019,25.67,33.44,18.47,25.955,100.79,7.62,4.02,5.82,0.46,10700,19-03-2019,10115
20-03-2019,20,3,2019,25.87,33.91,18.15,26.03,100.86,8.56,3.24,5.9,0.27,10700,20-03-2019,10340
21-03-2019,21,3,2019,26.36,35.37,17.54,26.455,100.9,8.71,3.45,6.08,1.58,10700,21-03-2019,10626
22-03-2019,22,3,2019,27.88,35.78,20.97,28.375,100.83,8.65,3.6,6.125,3.22,9800,22-03-2019,9490
23-03-2019,23,3,2019,27.69,35.59,21.74,28.665,100.82,7.34,3.12,5.23,1.17,10800,23-03-2019,10744
24-03-2019,24,3,2019,26.66,35.55,18.17,26.86,100.88,6.49,1.01,3.75,0,10900,24-03-2019,10540
25-03-2019,25,3,2019,27.05,36.04,19.2,27.62,100.89,5.96,1.54,3.75,0,10800,25-03-2019,10707
26-03-2019,26,3,2019,27.7,36.4,19.08,27.74,100.95,8.25,2.34,5.295,0,10300,26-03-2019,8334
27-03-2019,27,3,2019,26.59,33.01,20.26,26.635,101.15,8.55,2.85,5.7,2.21,10800,27-03-2019,10182
28-03-2019,28,3,2019,27.66,34.37,20.8,27.585,101.05,5.38,2.17,3.775,0,10400,28-03-2019,10613
29-03-2019,29,3,2019,28.23,35.43,20.55,27.99,100.76,6.83,2.79,4.81,0,9600,29-03-2019,10006
30-03-2019,30,3,2019,28.73,35.26,22.43,28.845,100.69,6.98,3.08,5.03,0,10800,30-03-2019,10933
31-03-2019,31,3,2019,29.58,36.99,22.91,29.95,100.58,11.09,4.52,7.805,2.92,10800,31-03-2019,4855
01-04-2019,1,4,2019,27.83,32.62,24.58,28.6,100.79,8.68,3.43,6.055,22.38,9500,01-04-2019,9015
02-04-2019,2,4,2019,28.2,34.79,23.07,28.93,100.69,6.39,0.91,3.65,3.79,10700,02-04-2019,7099
03-04-2019,3,4,2019,27.62,34.62,21.08,27.85,100.81,7.55,1.8,4.675,1.59,9900,03-04-2019,9252
04-04-2019,4,4,2019,28.74,35.19,22.76,28.975,100.88,7.58,3.45,5.515,0.4,9800,04-04-2019,10407
05-04-2019,5,4,2019,29.12,35.53,23.3,29.415,100.88,7.55,2.57,5.06,0.36,9400,05-04-2019,9752
06-04-2019,6,4,2019,28.33,33.74,24.57,29.155,100.87,8.12,2.36,5.24,4.48,10200,06-04-2019,9197
07-04-2019,7,4,2019,27.73,33.46,23.12,28.29,100.79,6.64,1.72,4.18,4.74,10500,07-04-2019,9529
08-04-2019,8,4,2019,28.5,35.14,22.65,28.895,100.62,7.78,2.73,5.255,1.83,9700,08-04-2019,9105
09-04-2019,9,4,2019,28.15,34.32,23.5,28.91,100.69,7.2,1.55,4.375,9.03,9600,09-04-2019,6544
10-04-2019,10,4,2019,28.01,33.52,23.04,28.28,100.81,5.98,2.59,4.285,10.82,9500,10-04-2019,9389
11-04-2019,11,4,2019,29.21,34.8,23.26,29.03,100.72,6.32,1.64,3.98,0.1,10300,11-04-2019,9854
12-04-2019,12,4,2019,29.6,34.87,24.27,29.57,100.64,6.41,0.81,3.61,0.8,9600,12-04-2019,10181
13-04-2019,13,4,2019,30.35,36.71,24.04,30.375,100.65,6.79,0.12,3.455,2.44,10300,13-04-2019,7833
14-04-2019,14,4,2019,30.73,38.51,23.94,31.225,100.61,8.77,2.05,5.41,0.21,9700,14-04-2019,9962
15-04-2019,15,4,2019,31.26,38.53,24.73,31.63,100.56,8.66,1.27,4.965,0.65,10400,15-04-2019,11190
16-04-2019,16,4,2019,31.39,38.63,25.35,31.99,100.61,7.54,0.42,3.98,3.89,11300,16-04-2019,11440
17-04-2019,17,4,2019,30.95,37.67,25.45,31.56,100.75,5.52,0.55,3.035,7.3,11600,17-04-2019,10871
18-04-2019,18,4,2019,30.63,37.26,23.33,30.295,100.74,5.78,1.19,3.485,0,11500,18-04-2019,11242
19-04-2019,19,4,2019,30.89,37.75,23.73,30.74,100.58,5.58,2.12,3.85,0.06,10700,19-04-2019,10858
20-04-2019,20,4,2019,30.93,37.26,24.64,30.95,100.46,8.55,0.25,4.4,0,11500,20-04-2019,11300
21-04-2019,21,4,2019,31.49,38.4,25.19,31.795,100.39,5.93,0.62,3.275,0.95,11600,21-04-2019,10184
22-04-2019,22,4,2019,30.05,35.87,25.98,30.925,100.54,5.34,0.96,3.15,1.11,10000,22-04-2019,10755
23-04-2019,23,4,2019,30.53,37.23,23.55,30.39,100.69,4.48,0.11,2.295,0.08,11600,23-04-2019,11581
24-04-2019,24,4,2019,31.67,38.16,24.8,31.48,100.7,4.87,0.91,2.89,1.03,11700,24-04-2019,12057
25-04-2019,25,4,2019,32.5,39.4,25.44,32.42,100.6,6.74,1.52,4.13,0.04,12200,25-04-2019,12067
26-04-2019,26,4,2019,32.58,39.72,25.58,32.65,100.41,8,3.2,5.6,0.4,11300,26-04-2019,10891
27-04-2019,27,4,2019,32.85,39.85,26.8,33.325,100.28,9.2,3.59,6.395,2.23,11900,27-04-2019,12052
28-04-2019,28,4,2019,33.33,41.8,26.84,34.32,100.25,9.82,4.88,7.35,1.51,12000,28-04-2019,11902
29-04-2019,29,4,2019,33.07,41.96,26.3,34.13,100.28,8.7,2.75,5.725,3.39,12000,29-04-2019,12200
30-04-2019,30,4,2019,32.69,40.36,26.15,33.255,100.32,11.22,5.34,8.28,2.77,12300,30-04-2019,12022
01-05-2019,1,5,2019,32.27,39.16,26.86,33.01,100.38,10.45,4.87,7.66,2.12,11500,01-05-2019,11095
02-05-2019,2,5,2019,31.91,37.99,26.65,32.32,100.44,8.82,4.75,6.785,2.83,12200,02-05-2019,12008
03-05-2019,3,5,2019,29.17,32.05,26.71,29.38,100.49,10.01,4.67,7.34,14.12,9000,03-05-2019,7597
04-05-2019,4,5,2019,27.51,30.66,24.28,27.47,99.86,15.06,4.23,9.645,75.43,7000,04-05-2019,7529
05-05-2019,5,5,2019,29.23,36.24,22.64,29.44,100.49,8.94,4.2,6.57,0.06,10800,05-05-2019,10884
06-05-2019,6,5,2019,30.82,38.19,25.09,31.64,100.3,9.12,3.16,6.14,0.65,12000,06-05-2019,11813
07-05-2019,7,5,2019,31.23,39,24.73,31.865,100.15,7.75,3.42,5.585,0,12100,07-05-2019,12214
08-05-2019,8,5,2019,31.54,40.02,24.58,32.3,100.05,9.63,3.85,6.74,0.02,12500,08-05-2019,12412
09-05-2019,9,5,2019,31.9,39.24,25.9,32.57,99.96,9.76,4.93,7.345,0.57,12800,09-05-2019,12161
10-05-2019,10,5,2019,32.35,39.85,26.58,33.215,100.13,9.3,2.78,6.04,1.54,11900,10-05-2019,12095
11-05-2019,11,5,2019,31.96,38.84,26.71,32.775,100.34,8.73,4.2,6.465,3.17,12500,11-05-2019,12494
12-05-2019,12,5,2019,31.33,36.92,27.26,32.09,100.35,8.25,2.65,5.45,1.35,12600,12-05-2019,12376
13-05-2019,13,5,2019,31.48,37.92,26.71,32.315,100.29,9.08,4.57,6.825,2.21,12550,13-05-2019,11088
14-05-2019,14,5,2019,30.24,34.73,26.03,30.38,100.34,6.89,1.77,4.33,22.3,12000,14-05-2019,11823
15-05-2019,15,5,2019,30.96,36.49,25.73,31.11,100.45,6.33,2.34,4.335,4.47,12500,15-05-2019,11768
16-05-2019,16,5,2019,31.41,36.83,26.35,31.59,100.44,7.05,0.7,3.875,1.94,12200,16-05-2019,12012
17-05-2019,17,5,2019,31.14,37.03,26.01,31.52,100.31,8.11,3.58,5.845,10.5,11900,17-05-2019,8359
18-05-2019,18,5,2019,31.26,37.61,26.75,32.18,100.24,9.1,1.91,5.505,8.15,12000,18-05-2019,11179
19-05-2019,19,5,2019,30.31,34.61,26.87,30.74,100.46,7.49,0.63,4.06,10.84,12000,19-05-2019,11244
20-05-2019,20,5,2019,30.75,35.03,26.99,31.01,100.59,7.85,3.61,5.73,2.37,12200,20-05-2019,11329
21-05-2019,21,5,2019,30.83,35.74,26.65,31.195,100.48,8.14,2.88,5.51,2.8,12000,21-05-2019,11329
22-05-2019,22,5,2019,30.69,36.16,26.35,31.255,100.4,8.09,4.94,6.515,8.64,12000,22-05-2019,12259
23-05-2019,23,5,2019,29.08,32.27,26.4,29.335,100.43,7.55,3.7,5.625,45.89,11800,23-05-2019,11900
24-05-2019,24,5,2019,29.18,32.48,26.58,29.53,100.3,6.61,5.01,5.81,40.88,11875,24-05-2019,9331
25-05-2019,25,5,2019,28.5,31.4,26.29,28.845,100.17,7.32,5.52,6.42,54.66,11500,25-05-2019,12067
26-05-2019,26,5,2019,29.29,33.33,26.15,29.74,100.16,7.83,4.2,6.015,15.33,11300,26-05-2019,12399
27-05-2019,27,5,2019,29.81,33.91,26.24,30.075,100.21,7.59,4.88,6.235,3.48,12700,27-05-2019,12336
28-05-2019,28,5,2019,29.78,33.59,26.48,30.035,100.2,6.41,2.91,4.66,8.61,12600,28-05-2019,12389
29-05-2019,29,5,2019,30.12,34.16,26.5,30.33,100.14,6.83,2.31,4.57,7.86,12700,29-05-2019,12893
30-05-2019,30,5,2019,29.76,34.06,26.06,30.06,100.12,9.38,4.85,7.115,2.17,13000,30-05-2019,12529
31-05-2019,31,5,2019,29.97,34.22,26.26,30.24,100.23,7.37,3.5,5.435,18.75,12000,31-05-2019,11098
01-06-2019,1,6,2019,29.14,32.39,26.47,29.43,100.3,7.12,3.45,5.285,67.22,11500,01-06-2019,11784
02-06-2019,2,6,2019,28.89,32.09,26.35,29.22,100.38,5.3,3.18,4.24,59.77,12200,02-06-2019,10254
03-06-2019,3,6,2019,28.26,31.02,25.69,28.355,100.33,5.02,2.11,3.565,48.16,11500,03-06-2019,9977
04-06-2019,4,6,2019,28.68,31.79,26.09,28.94,100.24,7.01,4.42,5.715,50.62,10500,04-06-2019,8678
05-06-2019,5,6,2019,27.97,30.3,26.17,28.235,100.21,7.4,4.78,6.09,45.85,9000,05-06-2019,8188
06-06-2019,6,6,2019,27.73,30.14,25.74,27.94,100.28,6.85,4.56,5.705,30.49,9700,06-06-2019,9009
07-06-2019,7,6,2019,27.65,30.04,25.96,28,100.36,6.05,4.91,5.48,4.11,9800,07-06-2019,8889
08-06-2019,8,6,2019,27.94,30.81,25.84,28.325,100.26,5.33,3.7,4.515,7.02,9800,08-06-2019,9585
09-06-2019,9,6,2019,28.81,31.77,26.18,28.975,100.04,5.41,2.74,4.075,2.46,10500,09-06-2019,10187
10-06-2019,10,6,2019,29.42,33.06,26.37,29.715,99.93,6.7,3.41,5.055,2.77,11300,10-06-2019,11089
11-06-2019,11,6,2019,29.12,32.33,26,29.165,99.94,5.82,4.01,4.915,0.03,11900,11-06-2019,11482
12-06-2019,12,6,2019,30.32,34.27,26.21,30.24,99.93,4.84,1.39,3.115,0.01,12200,12-06-2019,11870
13-06-2019,13,6,2019,30.74,34.08,27.85,30.965,99.78,5.18,0.21,2.695,0.37,12000,13-06-2019,11960
14-06-2019,14,6,2019,29.57,31.92,27.65,29.785,99.75,5.89,2.73,4.31,15.85,11000,14-06-2019,11343
15-06-2019,15,6,2019,29.3,31.54,27.44,29.49,99.78,7.2,4.78,5.99,21.54,11500,15-06-2019,10606
16-06-2019,16,6,2019,29.19,31.81,27.3,29.555,99.77,8.53,6.17,7.35,19.69,12000,16-06-2019,12094
17-06-2019,17,6,2019,29.51,32.67,27.37,30.02,99.79,7.52,5.34,6.43,19.26,12600,17-06-2019,11602
18-06-2019,18,6,2019,29.48,32.26,27.27,29.765,99.85,6.22,2.73,4.475,11.57,12000,18-06-2019,12063
19-06-2019,19,6,2019,30.03,33.45,26.77,30.11,99.85,6.27,1.52,3.895,0.37,12700,19-06-2019,12355
20-06-2019,20,6,2019,28.63,31.32,27.04,29.18,100.01,6.12,3.23,4.675,6.97,12700,20-06-2019,12362
21-06-2019,21,6,2019,29.01,32.64,25.87,29.255,100.07,7.16,2.54,4.85,5.66,11500,21-06-2019,11369
22-06-2019,22,6,2019,29.13,32.08,26.69,29.385,100.15,7.66,4.78,6.22,16.37,11500,22-06-2019,12182
23-06-2019,23,6,2019,29.76,33.18,26.13,29.655,100.24,5.5,2.91,4.205,0.55,12600,23-06-2019,12451
24-06-2019,24,6,2019,29.81,32.71,27.51,30.11,100.26,6.57,3.39,4.98,1.38,12800,24-06-2019,12780
25-06-2019,25,6,2019,29.86,33.19,27.41,30.3,100.23,8.07,4.24,6.155,0.35,12900,25-06-2019,12457
26-06-2019,26,6,2019,29.48,32.42,27.16,29.79,100.04,9.94,7.25,8.595,4.83,12700,26-06-2019,11796
27-06-2019,27,6,2019,29,31.3,27.17,29.235,99.8,9.71,5.94,7.825,41.86,11800,27-06-2019,11897
28-06-2019,28,6,2019,28.93,31.17,27.23,29.2,99.71,8.42,5.24,6.83,11.25,11400,28-06-2019,10668
29-06-2019,29,6,2019,29.25,31.78,27.35,29.565,99.71,6.17,3.89,5.03,15.78,12000,29-06-2019,12234
30-06-2019,30,6,2019,29.29,31.53,27.05,29.29,99.71,4.34,2.3,3.32,4.39,12500,30-06-2019,12032
01-07-2019,1,7,2019,28.96,31.44,26.89,29.165,99.65,7.73,2.62,5.175,6.52,12600,01-07-2019,11043
02-07-2019,2,7,2019,29.35,32.3,26.94,29.62,99.74,10.95,6.66,8.805,2.95,12400,02-07-2019,12131
03-07-2019,3,7,2019,29.33,32.34,26.86,29.6,99.87,7.3,5.05,6.175,3.4,12400,03-07-2019,12029
04-07-2019,4,7,2019,29.62,32.72,26.89,29.805,99.76,6.1,3.13,4.615,13.3,12500,04-07-2019,11351
05-07-2019,5,7,2019,29.05,32.04,27.05,29.545,99.57,7.17,4.44,5.805,14.79,12800,05-07-2019,11411
06-07-2019,6,7,2019,28.94,31.7,27.08,29.39,99.33,9.49,5.45,7.47,7.6,11800,06-07-2019,11395
07-07-2019,7,7,2019,28.94,31.8,26.49,29.145,99.51,7.66,5.26,6.46,10.67,11900,07-07-2019,11543
08-07-2019,8,7,2019,29.05,32.24,26.94,29.59,99.81,8.03,6.23,7.13,23.39,11900,08-07-2019,11444
09-07-2019,9,7,2019,28.52,31.11,27.01,29.06,99.84,8.86,5.27,7.065,57.66,11800,09-07-2019,11462
10-07-2019,10,7,2019,28.62,30.66,26.94,28.8,99.83,7.95,5.98,6.965,39.36,11900,10-07-2019,10935
11-07-2019,11,7,2019,28.03,29.75,26.76,28.255,100.06,7.7,5.86,6.78,58.5,11600,11-07-2019,10662
12-07-2019,12,7,2019,27.91,29.58,26.48,28.03,100.16,8.02,5.77,6.895,23.86,11300,12-07-2019,9880
13-07-2019,13,7,2019,28.29,30.7,26.4,28.55,100.11,7.22,5.18,6.2,78.66,11000,13-07-2019,9808
14-07-2019,14,7,2019,28.13,30.15,26.35,28.25,99.9,7.72,4.75,6.235,35.83,11000,14-07-2019,10815
15-07-2019,15,7,2019,28.69,30.74,26.83,28.785,99.82,7.98,5.55,6.765,51.17,11300,15-07-2019,10637
16-07-2019,16,7,2019,28.9,31.4,26.83,29.115,99.98,6.41,4.67,5.54,8.35,11500,16-07-2019,11654
17-07-2019,17,7,2019,29.7,32.46,26.91,29.685,100.01,5.07,1.99,3.53,8.37,12400,17-07-2019,12150
18-07-2019,18,7,2019,28.72,31.19,26.32,28.755,99.96,5.86,1.69,3.775,1.58,12600,18-07-2019,12186
19-07-2019,19,7,2019,28.38,30.98,25.9,28.44,100.11,6.5,3.8,5.15,3.95,11700,19-07-2019,11477
20-07-2019,20,7,2019,29.21,32.56,26.29,29.425,100.22,6.13,3.06,4.595,2.86,11300,20-07-2019,12162
21-07-2019,21,7,2019,29.11,31.85,26.65,29.25,100.22,6.49,4.05,5.27,1.92,12600,21-07-2019,12436
22-07-2019,22,7,2019,28.44,30.9,26.9,28.9,100.21,6.91,4.62,5.765,18.78,12700,22-07-2019,12270
23-07-2019,23,7,2019,27.94,29.84,26.33,28.085,100.14,7.11,4.95,6.03,12.09,12400,23-07-2019,11643
24-07-2019,24,7,2019,28.36,31.15,26.27,28.71,100.11,6.27,4.7,5.485,14.11,12200,24-07-2019,9331
25-07-2019,25,7,2019,28.69,31.29,26.31,28.8,100.04,5.73,1.54,3.635,23.37,11500,25-07-2019,12033
26-07-2019,26,7,2019,27.99,30.01,26.5,28.255,99.85,8.08,4.05,6.065,26.88,11000,26-07-2019,10911
27-07-2019,27,7,2019,28.43,31.83,26.33,29.08,99.84,9.64,4.66,7.15,30.11,12000,27-07-2019,11508
28-07-2019,28,7,2019,28.3,31.36,26.07,28.715,100.05,9.52,6.12,7.82,9.2,12000,28-07-2019,11578
29-07-2019,29,7,2019,27.99,31.01,25.85,28.43,100.15,11.12,6.15,8.635,10.34,12000,29-07-2019,11791
30-07-2019,30,7,2019,27.73,30.14,25.74,27.94,100.21,6.5,5.14,5.82,9.85,12000,30-07-2019,11663
31-07-2019,31,7,2019,28.33,31.37,25.77,28.57,100.09,6.27,4.15,5.21,11.73,12100,31-07-2019,11862
01-08-2019,1,8,2019,28.62,31.62,26.05,28.835,100.01,6.34,3.89,5.115,3.83,12100,01-08-2019,12016
02-08-2019,2,8,2019,28.26,30.44,25.98,28.21,99.9,6.12,3.57,4.845,2.74,11200,02-08-2019,12035
03-08-2019,3,8,2019,28.12,30.08,25.96,28.02,99.76,6.35,4.4,5.375,7.15,12300,03-08-2019,11466
04-08-2019,4,8,2019,29.41,32.82,26.06,29.44,99.57,4.93,3.23,4.08,5.39,12000,04-08-2019,12655
05-08-2019,5,8,2019,29.9,32.55,27.36,29.955,99.43,4.86,0.4,2.63,4.02,12800,05-08-2019,12738
06-08-2019,6,8,2019,29.23,30.69,27.75,29.22,99.34,6.32,0.84,3.58,14.4,12900,06-08-2019,12342
07-08-2019,7,8,2019,28.15,31.3,26.26,28.78,99.42,11.86,5.8,8.83,22.98,12300,07-08-2019,10771
08-08-2019,8,8,2019,28.06,30.65,25.9,28.275,99.71,9.93,6.46,8.195,46.46,10900,08-08-2019,10781
09-08-2019,9,8,2019,28.9,32,26.1,29.05,99.95,6.43,3.8,5.115,16.59,10500,09-08-2019,11235
10-08-2019,10,8,2019,29.64,32.92,26.52,29.72,99.9,5.18,1.8,3.49,15.63,11000,10-08-2019,11049
11-08-2019,11,8,2019,29.69,31.7,27,29.35,99.78,3.57,0.54,2.055,2.43,10450,11-08-2019,10615
12-08-2019,12,8,2019,28.82,30.7,27.11,28.905,99.66,7.09,1.38,4.235,13.24,10000,12-08-2019,9818
13-08-2019,13,8,2019,27.64,29.23,26.61,27.92,99.97,11.39,5.95,8.67,30.4,10500,13-08-2019,9274
14-08-2019,14,8,2019,27.73,29.33,26.37,27.85,100.29,8.14,5.92,7.03,54.01,10000,14-08-2019,9666
15-08-2019,15,8,2019,28.22,30.8,26.26,28.53,100.36,6.27,5.19,5.73,47.75,10000,15-08-2019,9552
16-08-2019,16,8,2019,28.13,30.33,26.38,28.355,100.17,6.26,4.91,5.585,12.92,10000,16-08-2019,9808
17-08-2019,17,8,2019,28.08,30.12,26.51,28.315,100.15,5.38,2.04,3.71,21.96,11000,17-08-2019,10792
18-08-2019,18,8,2019,27.68,30.03,25.91,27.97,100.33,11.16,4.77,7.965,5.12,11700,18-08-2019,11188
19-08-2019,19,8,2019,28.57,31.9,25.42,28.66,100.41,5.89,4.12,5.005,0.98,11900,19-08-2019,11757
20-08-2019,20,8,2019,28.85,32.32,25.59,28.955,100.25,5.47,2.97,4.22,0.38,12300,20-08-2019,12142
21-08-2019,21,8,2019,29.33,32.77,26.41,29.59,100.1,5.09,2.55,3.82,0.61,12800,21-08-2019,12450
22-08-2019,22,8,2019,28.94,32.55,26.68,29.615,100.04,4.14,0.45,2.295,8.11,12800,22-08-2019,12021
23-08-2019,23,8,2019,28.19,31.32,26.27,28.795,100.16,6.02,3.12,4.57,5.85,11900,23-08-2019,11577
24-08-2019,24,8,2019,27.44,29.89,26.03,27.96,100.19,8.31,4.3,6.305,10.28,12000,24-08-2019,11814
25-08-2019,25,8,2019,28.35,31.75,25.62,28.685,100.19,6.48,3.91,5.195,7.85,12400,25-08-2019,12187
26-08-2019,26,8,2019,28.24,31.3,26.28,28.79,100.19,6.2,5.05,5.625,6.87,12500,26-08-2019,12461
27-08-2019,27,8,2019,28.58,32.27,25.35,28.81,100.15,6.45,4.2,5.325,0.87,12700,27-08-2019,12539
28-08-2019,28,8,2019,28.16,30.5,26.04,28.27,100.26,5.27,4.27,4.77,0.44,12800,28-08-2019,12693
29-08-2019,29,8,2019,28.62,32.34,25.93,29.135,100.28,5.38,2.68,4.03,1.37,12800,29-08-2019,12526
30-08-2019,30,8,2019,29.25,32.4,26.35,29.375,100.04,4.8,1.06,2.93,1.61,12100,30-08-2019,12272
31-08-2019,31,8,2019,29.27,32.12,26.48,29.3,99.95,3.63,0.25,1.94,3.3,12600,31-08-2019,12443
01-09-2019,1,9,2019,29.55,32.76,26.98,29.87,99.97,3.91,0.24,2.075,16.73,12900,01-09-2019,12717
02-09-2019,2,9,2019,28.7,30.83,27.08,28.955,99.95,4.99,1.69,3.34,6.16,12700,02-09-2019,12560
03-09-2019,3,9,2019,28.69,31.87,26.22,29.045,99.95,8.22,4.12,6.17,9.86,12700,03-09-2019,12472
04-09-2019,4,9,2019,28.23,30.55,26.65,28.6,99.96,6.66,3.89,5.275,4.83,12700,04-09-2019,12426
05-09-2019,5,9,2019,28.45,31.15,26.34,28.745,100.02,7.41,4.52,5.965,4.63,12900,05-09-2019,12344
06-09-2019,6,9,2019,28.45,31.19,26.44,28.815,99.93,6.64,5.62,6.13,3.13,12000,06-09-2019,11674
07-09-2019,7,9,2019,27.98,30.15,25.97,28.06,99.96,8.29,5.53,6.91,5.72,12500,07-09-2019,
08-09-2019,8,9,2019,28.78,31.99,26.51,29.25,100.09,6.95,5.8,6.375,7.32,12000,08-09-2019,11979
09-09-2019,9,9,2019,29.14,32.76,26.27,29.515,100.01,6.77,4.46,5.615,5.7,12400,09-09-2019,11852
10-09-2019,10,9,2019,28.86,31.23,27.02,29.125,100.06,6.31,3.12,4.715,11.49,11800,10-09-2019,11854
11-09-2019,11,9,2019,28.91,31.78,27.03,29.405,100.19,6.2,3.69,4.945,5.77,12500,11-09-2019,12321
12-09-2019,12,9,2019,27.65,29.31,26.34,27.825,100.41,7.26,5.48,6.37,20.47,12200,12-09-2019,11432
13-09-2019,13,9,2019,27.86,30.41,26.15,28.28,100.63,7.05,5.78,6.415,25.25,10500,13-09-2019,10597
14-09-2019,14,9,2019,28.14,31.09,25.67,28.38,100.57,5.98,4.59,5.285,9.69,12000,14-09-2019,12038
15-09-2019,15,9,2019,28.73,31.97,26.01,28.99,100.44,6.22,4.1,5.16,1.69,12500,15-09-2019,
16-09-2019,16,9,2019,28.22,30.64,26.49,28.565,100.39,5.7,3.38,4.54,3.38,,16-09-2019,12119
17-09-2019,17,9,2019,28.47,31.3,25.83,28.565,100.53,4.57,1.3,2.935,8.04,12500,17-09-2019,12442
18-09-2019,18,9,2019,29.42,32.76,25.33,29.045,100.79,3.8,0.91,2.355,8.67,12600,18-09-2019,12329
19-09-2019,19,9,2019,29.8,33.61,26.01,29.81,100.8,2.73,0.42,1.575,4.04,12700,19-09-2019,12473
20-09-2019,20,9,2019,29.05,32.03,26.18,29.105,100.7,2.96,1.16,2.06,7.87,11600,20-09-2019,11717
21-09-2019,21,9,2019,29.48,32.4,26.64,29.52,100.62,2.36,0.27,1.315,2.23,12000,21-09-2019,11991
22-09-2019,22,9,2019,29.05,31.99,26.83,29.41,100.75,3.57,0.48,2.025,21.57,12300,22-09-2019,11378
23-09-2019,23,9,2019,27.69,30.75,25.26,28.005,100.99,4.31,1.9,3.105,14.76,11900,23-09-2019,11620
24-09-2019,24,9,2019,26.65,28.4,25.42,26.91,101.1,5.35,3.55,4.45,20.97,11900,24-09-2019,10641
25-09-2019,25,9,2019,25.94,27.83,24.68,26.255,101.37,5.91,2.95,4.43,18.65,11300,25-09-2019,
26-09-2019,26,9,2019,26.52,29.46,23.67,26.565,101.43,3.58,0.36,1.97,28.28,11300,26-09-2019,10279
27-09-2019,27,9,2019,27.08,29.93,24.12,27.025,101.32,2.35,0.19,1.27,6.51,10700,27-09-2019,10379
28-09-2019,28,9,2019,26.03,27.98,24.1,26.04,101.2,2.82,0.11,1.465,5.26,11500,28-09-2019,10687
29-09-2019,29,9,2019,25.37,27.89,23.29,25.59,101.24,4.66,0.87,2.765,21.69,11300,29-09-2019,9979
30-09-2019,30,9,2019,25.64,28.16,23.26,25.71,100.92,5.2,1.41,3.305,22.16,10600,30-09-2019,10426
01-10-2019,1,10,2019,26.61,29.96,24.63,27.295,100.67,6.11,4.28,5.195,14.85,10700,01-10-2019,10478
02-10-2019,2,10,2019,27.54,30.83,24.01,27.42,100.75,5.05,0.34,2.695,8.28,11200,02-10-2019,11257
03-10-2019,3,10,2019,27.62,30.83,24.4,27.615,100.78,3.22,1.81,2.515,7.66,11600,03-10-2019,11122
04-10-2019,4,10,2019,27.32,29.62,25.06,27.34,100.76,3.81,1.08,2.445,3.76,11000,04-10-2019,10722
05-10-2019,5,10,2019,27.4,30.05,24.48,27.265,100.75,3.19,2.13,2.66,4.75,11500,05-10-2019,11556
06-10-2019,6,10,2019,27.58,30.42,25.19,27.805,100.83,3.52,0.94,2.23,6.59,11400,06-10-2019,11301
07-10-2019,7,10,2019,26.98,29.18,24.8,26.99,100.93,3.38,1.61,2.495,6.07,11800,07-10-2019,10945
08-10-2019,8,10,2019,26.62,28.98,25.05,27.015,100.98,3.58,0.98,2.28,8.22,10700,08-10-2019,10450
09-10-2019,9,10,2019,25.72,28.49,24.05,26.27,101,4.12,2.33,3.225,16.84,11600,09-10-2019,10284
10-10-2019,10,10,2019,25.86,29.06,22.81,25.935,100.9,4.16,2.28,3.22,24.01,10500,10-10-2019,9992
11-10-2019,11,10,2019,27.09,30.26,24.05,27.155,100.84,3.28,0.21,1.745,7.01,10400,11-10-2019,9945
12-10-2019,12,10,2019,27.23,30.08,23.98,27.03,100.94,2.74,0.94,1.84,0.9,11600,12-10-2019,11327
13-10-2019,13,10,2019,25.99,29.92,22.45,26.185,100.99,4.4,1.39,2.895,0,11700,13-10-2019,11219
14-10-2019,14,10,2019,25.77,30.09,21.74,25.915,101.07,5.28,2.9,4.09,0,11500,14-10-2019,11326
15-10-2019,15,10,2019,27.05,31.1,22.42,26.76,101.1,5.22,0.08,2.65,0.04,11600,15-10-2019,11666
16-10-2019,16,10,2019,27.85,31.1,24.75,27.925,101.15,2.06,0.57,1.315,2.97,11600,16-10-2019,
17-10-2019,17,10,2019,28,31.34,24.63,27.985,101.12,2.33,0.05,1.19,5.14,,17-10-2019,
18-10-2019,18,10,2019,27.42,31.01,24.07,27.54,101.16,3.8,2.27,3.035,0.13,,18-10-2019,
19-10-2019,19,10,2019,26.44,30.2,23.24,26.72,101.2,5.67,2.95,4.31,0,,19-10-2019,11791
20-10-2019,20,10,2019,26.06,29.9,23.08,26.49,101.14,5.89,2.64,4.265,0,12000,20-10-2019,11829
21-10-2019,21,10,2019,25.98,29.86,22.48,26.17,100.97,4.38,2.38,3.38,1.31,12000,21-10-2019,11707
22-10-2019,22,10,2019,25.94,29.4,23.22,26.31,100.82,4.32,2.44,3.38,1.81,11700,22-10-2019,11586
23-10-2019,23,10,2019,24.98,28.75,22.05,25.4,100.85,5.05,2.1,3.575,3.83,11800,23-10-2019,11063
24-10-2019,24,10,2019,21.7,22.76,20.66,21.71,101.11,6.44,2.6,4.52,58.89,10500,24-10-2019,9023
25-10-2019,25,10,2019,23.18,26,20.51,23.255,101.02,6.57,4.69,5.63,45.79,9900,25-10-2019,7696
26-10-2019,26,10,2019,25.59,28.3,23.51,25.905,100.95,5.23,2.58,3.905,84.43,10500,26-10-2019,9282
27-10-2019,27,10,2019,24.69,28.15,22.04,25.095,101.04,5.24,2.46,3.85,7.34,10500,27-10-2019,9660
28-10-2019,28,10,2019,23.23,27.05,20.63,23.84,101.15,5.36,3.64,4.5,0.18,10300,28-10-2019,9849
29-10-2019,29,10,2019,23.35,27.71,19.02,23.365,101.12,4.93,1.2,3.065,0,10100,29-10-2019,10099
30-10-2019,30,10,2019,24.63,28.98,20.58,24.78,101,4.73,1.12,2.925,0,10500,30-10-2019,10244
31-10-2019,31,10,2019,24.71,28.64,20.71,24.675,100.95,5.16,1.91,3.535,0,10400,31-10-2019,10109
01-11-2019,1,11,2019,24.94,28.83,21.96,25.395,100.97,5.28,2.71,3.995,0,9500,01-11-2019,10255
02-11-2019,2,11,2019,24.9,29.54,20.83,25.185,100.99,5.31,1.97,3.64,0,10250,02-11-2019,10249
03-11-2019,3,11,2019,25.09,29.08,21.7,25.39,101.02,4.38,1.41,2.895,0,10600,03-11-2019,10161
04-11-2019,4,11,2019,25.25,28.75,21.87,25.31,100.99,3.54,1.95,2.745,0,10500,04-11-2019,9976
05-11-2019,5,11,2019,25.25,29.1,21.59,25.345,100.85,3.68,1.48,2.58,0,10500,05-11-2019,9679
06-11-2019,6,11,2019,24.15,28.53,20.76,24.645,100.82,4.66,2.47,3.565,0,10400,06-11-2019,8117
07-11-2019,7,11,2019,23.8,29.57,18.3,23.935,100.85,4.88,0.97,2.925,0,10200,07-11-2019,8469
08-11-2019,8,11,2019,23.73,27.5,20.01,23.755,100.99,4.93,1.59,3.26,2.72,9000,08-11-2019,7068
09-11-2019,9,11,2019,23.15,24.62,21.94,23.28,100.97,9.07,3.26,6.165,33.26,9800,09-11-2019,8837
10-11-2019,10,11,2019,23,25.37,21.65,23.51,100.71,9.07,6.41,7.74,26.92,8500,10-11-2019,8998
11-11-2019,11,11,2019,23.51,27.37,20.31,23.84,100.8,6.64,3.67,5.155,5.24,9000,11-11-2019,9123
12-11-2019,12,11,2019,23.62,27.92,19.89,23.905,101.11,3.53,1.58,2.555,0.56,9600,12-11-2019,9360
13-11-2019,13,11,2019,22.77,27.31,18.6,22.955,101.32,4.78,2.52,3.65,0,9500,13-11-2019,8392
14-11-2019,14,11,2019,24.25,28.69,19.23,23.96,101.3,5.04,0.16,2.6,0,9500,14-11-2019,9295
15-11-2019,15,11,2019,24.36,28.34,20.25,24.295,101.2,2.95,0.98,1.965,0,8800,15-11-2019,9096
16-11-2019,16,11,2019,23.83,27.98,19.05,23.515,101.17,3.7,0.84,2.27,0,9400,16-11-2019,9179
17-11-2019,17,11,2019,23.32,27.3,19.46,23.38,101.15,3.45,1.67,2.56,0,9700,17-11-2019,9021
18-11-2019,18,11,2019,23.15,27.12,18.99,23.055,101.21,2.48,0.2,1.34,0,9500,18-11-2019,8929
19-11-2019,19,11,2019,22.65,27.08,18.86,22.97,101.21,4,0.55,2.275,0,9300,19-11-2019,8785
20-11-2019,20,11,2019,21.13,25.66,17.74,21.7,101.32,5.52,1.79,3.655,0,9200,20-11-2019,7886
21-11-2019,21,11,2019,21.78,26.64,16.22,21.43,101.36,3.44,0.95,2.195,0,9200,21-11-2019,8946
22-11-2019,22,11,2019,22.4,26.02,17.76,21.89,101.38,2.3,0.82,1.56,0,8000,22-11-2019,8855
23-11-2019,23,11,2019,22.58,26.31,18.87,22.59,101.34,2.39,1.66,2.025,0,8500,23-11-2019,8982
24-11-2019,24,11,2019,22.23,26.02,17.41,21.715,101.3,3.36,0.79,2.075,0,7200,24-11-2019,8904
25-11-2019,25,11,2019,22.35,26.24,17.69,21.965,101.37,3.36,0.89,2.125,0,9000,25-11-2019,9185
26-11-2019,26,11,2019,22.76,27.62,18.61,23.115,101.33,3.32,0.72,2.02,0,9000,26-11-2019,9051
27-11-2019,27,11,2019,22.23,26.87,17.24,22.055,101.37,3.45,1.38,2.415,0,9100,27-11-2019,8049
28-11-2019,28,11,2019,23.18,28.41,17.55,22.98,101.33,2.91,0.48,1.695,0,9300,28-11-2019,8989
29-11-2019,29,11,2019,22.8,27.69,18.1,22.895,101.29,3.65,0.8,2.225,0,8400,29-11-2019,8778
30-11-2019,30,11,2019,22.08,26.69,17.76,22.225,101.29,3.69,1.59,2.64,0,9100,30-11-2019,8542
01-12-2019,1,12,2019,20.55,25.39,16.27,20.83,101.42,4.47,2.64,3.555,0,,01-12-2019,8529
02-12-2019,2,12,2019,19.64,24.97,16.19,20.58,101.45,4.09,1.3,2.695,0,,02-12-2019,8708
03-12-2019,3,12,2019,18.78,24.15,13.9,19.025,101.41,5.12,2.48,3.8,0,8700,03-12-2019,8692
04-12-2019,4,12,2019,18.91,24.64,14.04,19.34,101.62,5.93,2.84,4.385,0,8600,04-12-2019,
05-12-2019,5,12,2019,20.32,26.86,14.42,20.64,101.7,4.81,1.38,3.095,0,8900,05-12-2019,
06-12-2019,6,12,2019,20.78,27.13,15.62,21.375,101.7,5.44,0.47,2.955,0,8000,06-12-2019,7568
07-12-2019,7,12,2019,20.58,25.57,15.19,20.38,101.62,4.82,1.74,3.28,0,8500,07-12-2019,8538
08-12-2019,8,12,2019,20.97,25.92,17.48,21.7,101.58,3.09,0.06,1.575,0,8800,08-12-2019,8619
09-12-2019,9,12,2019,20.44,25.02,17.55,21.285,101.55,3.84,0.55,2.195,0,8700,09-12-2019,8721
10-12-2019,10,12,2019,19.49,24.08,15.17,19.625,101.38,4.09,1.57,2.83,0,8700,10-12-2019,8538
11-12-2019,11,12,2019,19.46,24.37,14.53,19.45,101.32,3.69,0.88,2.285,0,8700,11-12-2019,8528
12-12-2019,12,12,2019,19.11,23.83,15.19,19.51,101.45,4.98,2.2,3.59,0,8600,12-12-2019,8622
13-12-2019,13,12,2019,19.33,24.39,14.66,19.525,101.59,3.49,0.31,1.9,0,7500,13-12-2019,7568
14-12-2019,14,12,2019,19.65,25.58,14.23,19.905,101.63,3.98,0.75,2.365,0,8500,14-12-2019,8523
15-12-2019,15,12,2019,19.59,24.63,15.08,19.855,101.57,5.44,2.27,3.855,0.01,8700,15-12-2019,8517
16-12-2019,16,12,2019,19.06,23.9,15.7,19.8,101.5,5.78,1.95,3.865,0,8000,16-12-2019,7443
17-12-2019,17,12,2019,18.09,23.42,13.96,18.69,101.61,5.1,2.01,3.555,0,8600,17-12-2019,8445
18-12-2019,18,12,2019,15.84,21.32,11.79,16.555,101.67,7.31,3.79,5.55,0,8600,18-12-2019,8479
19-12-2019,19,12,2019,13.78,19.37,9.35,14.36,101.55,6.8,3.29,5.045,0,8600,19-12-2019,8487
20-12-2019,20,12,2019,14.37,20.08,8.83,14.455,101.41,5.88,1.62,3.75,0,7700,20-12-2019,7597
21-12-2019,21,12,2019,14.3,19.17,10.05,14.61,101.47,4.76,1.48,3.12,0,8500,21-12-2019,8364
22-12-2019,22,12,2019,14.59,20.12,10.22,15.17,101.49,5.06,1.95,3.505,0,8500,22-12-2019,8600
23-12-2019,23,12,2019,15.4,21.43,10.99,16.21,101.51,4.86,2.99,3.925,0,8600,23-12-2019,8483
24-12-2019,24,12,2019,15.23,21.72,9.86,15.79,101.57,5.52,3.29,4.405,0,8500,24-12-2019,8636
25-12-2019,25,12,2019,15.02,21.09,9.56,15.325,101.5,4.51,1.28,2.895,0,7600,25-12-2019,8573
26-12-2019,26,12,2019,16.02,22.48,10.74,16.61,101.42,6.33,1.46,3.895,1.02,8600,26-12-2019,8489
27-12-2019,27,12,2019,13.87,17.8,10.71,14.255,101.35,7.05,2.04,4.545,13.19,7700,27-12-2019,7601
28-12-2019,28,12,2019,13.3,20.18,7.79,13.985,101.55,7.49,3.98,5.735,0.79,8400,28-12-2019,8711
29-12-2019,29,12,2019,14.32,22.01,7.99,15,101.53,7.41,2.53,4.97,0.1,8700,29-12-2019,8567
30-12-2019,30,12,2019,15.24,22.62,8.84,15.73,101.59,7.2,0.91,4.055,0,8800,30-12-2019,8702
31-12-2019,31,12,2019,17.94,24.05,11.19,17.62,101.65,3.89,0.72,2.305,0,8900,31-12-2019,8667
01-01-2020,1,1,2020,19.94,25.55,14.86,20.205,101.77,2.2,0.77,1.485,0,7799,01-01-2020,8436
02-01-2020,2,1,2020,19.87,25.95,14.48,20.215,101.84,5.13,0.66,2.895,0.01,8026,02-01-2020,8774
03-01-2020,3,1,2020,17.27,19.66,14.9,17.28,101.65,4.87,0.5,2.685,38.17,,03-01-2020,7537
04-01-2020,4,1,2020,17.98,22.98,14.05,18.515,101.42,3.6,1.55,2.575,2.65,6752,04-01-2020,8397
05-01-2020,5,1,2020,16.33,20.96,12.97,16.965,101.39,5.2,1.89,3.545,5.46,7518,05-01-2020,8221
06-01-2020,6,1,2020,14.39,20.11,9.19,14.65,101.75,6.05,2.65,4.35,0.16,7979,06-01-2020,8575
07-01-2020,7,1,2020,14.29,20.59,8.24,14.415,101.56,6.4,1.86,4.13,0.01,7974,07-01-2020,8584
08-01-2020,8,1,2020,15.51,21,10.22,15.61,101.48,3.77,1.43,2.6,0,8054,08-01-2020,8689
09-01-2020,9,1,2020,15.37,19.81,11.01,15.41,101.44,5.73,0.88,3.305,1.58,7869,09-01-2020,8484
10-01-2020,10,1,2020,16.33,21.55,12.3,16.925,101.51,5.31,2.6,3.955,0.39,7039,10-01-2020,7680
11-01-2020,11,1,2020,14.36,19.72,9.94,14.83,101.6,6.6,4.09,5.345,0.25,7960,11-01-2020,8653
12-01-2020,12,1,2020,14.22,20.83,9.15,14.99,101.4,6.99,3.68,5.335,0,,12-01-2020,8561
13-01-2020,13,1,2020,14.55,21.13,8.59,14.86,101.21,5.57,1.45,3.51,0,8075,13-01-2020,8827
14-01-2020,14,1,2020,15.93,21.92,9.56,15.74,101.29,5.09,0.88,2.985,0,8083,14-01-2020,8727
15-01-2020,15,1,2020,17.15,22.61,11.58,17.095,101.41,3.25,1.41,2.33,0,8164,15-01-2020,8762
16-01-2020,16,1,2020,18.27,24.69,11.83,18.26,101.4,4.55,0.38,2.465,0,8295,16-01-2020,8908
17-01-2020,17,1,2020,19.68,26.36,13.19,19.775,101.44,4.94,0.73,2.835,0,7396,17-01-2020,7918
18-01-2020,18,1,2020,19.96,26.64,15.14,20.89,101.38,4.31,1.23,2.77,0,8259,18-01-2020,8805
19-01-2020,19,1,2020,19.16,25.83,14.78,20.305,101.35,8.54,0.54,4.54,0.07,8206,19-01-2020,8978
20-01-2020,20,1,2020,16.26,21.02,12.6,16.81,101.55,5.76,3.27,4.515,0.01,8339,20-01-2020,8959
21-01-2020,21,1,2020,15.12,20.68,9.28,14.98,101.73,4.05,2.51,3.28,0,8250,21-01-2020,9009
22-01-2020,22,1,2020,15.36,21.23,8.9,15.065,101.71,4.09,1.25,2.67,0,8310,22-01-2020,9076
23-01-2020,23,1,2020,16.19,22.05,11.37,16.71,101.47,4.93,1.2,3.065,0,8177,23-01-2020,8895
24-01-2020,24,1,2020,15.15,21.01,10.8,15.905,101.52,3.9,0.83,2.365,0,7418,24-01-2020,8121
25-01-2020,25,1,2020,15.53,21.64,9.83,15.735,101.47,3.37,1.41,2.39,0,8047,25-01-2020,8866
26-01-2020,26,1,2020,15.36,21.03,10.51,15.77,101.28,5.34,0.77,3.055,0,8216,26-01-2020,9019
27-01-2020,27,1,2020,15.59,21.05,9.98,15.515,101.25,4.13,0.58,2.355,0,8460,27-01-2020,9068
28-01-2020,28,1,2020,16.79,22.98,10.17,16.575,101.31,4.13,0.85,2.49,0,8330,28-01-2020,9196
29-01-2020,29,1,2020,17.3,22.55,13.63,18.09,101.5,4.12,0.77,2.445,1.33,8313,29-01-2020,9223
30-01-2020,30,1,2020,17.51,22.84,12.64,17.74,101.31,4.8,0.21,2.505,0.81,8203,30-01-2020,9077
31-01-2020,31,1,2020,17.88,22.97,14.21,18.59,101.34,4.66,1.83,3.245,0.2,7429,31-01-2020,8250
01-02-2020,1,2,2020,16.79,22.96,10.95,16.955,101.52,4.31,0.72,2.515,0,7878,01-02-2020,8731
02-02-2020,2,2,2020,16.62,22.4,10.17,16.285,101.69,5.69,1.45,3.57,0,8089,02-02-2020,8940
03-02-2020,3,2,2020,15.22,21.1,9.87,15.485,101.76,3.98,1.06,2.52,0,8154,03-02-2020,8963
04-02-2020,4,2,2020,15.83,22.34,9.71,16.025,101.55,4.34,2.28,3.31,0,8273,04-02-2020,9126
05-02-2020,5,2,2020,16.76,22.37,11.6,16.985,101.36,4.62,1.58,3.1,0,8276,05-02-2020,9099
06-02-2020,6,2,2020,17.24,23.83,11.16,17.495,101.53,4.2,2.39,3.295,0,8316,06-02-2020,9132
07-02-2020,7,2,2020,17.29,23.92,11.44,17.68,101.64,4.37,0.27,2.32,0,7254,07-02-2020,8128
08-02-2020,8,2,2020,17.32,23.96,11.19,17.575,101.68,6.52,2.54,4.53,0.04,8125,08-02-2020,9014
09-02-2020,9,2,2020,17.57,24.77,13.28,19.025,101.69,7.22,4.19,5.705,0.02,8316,09-02-2020,9214
10-02-2020,10,2,2020,16.12,23.48,8.8,16.14,101.67,5.32,2.33,3.825,0.16,8225,10-02-2020,9172
11-02-2020,11,2,2020,16.87,23.76,10.11,16.935,101.69,5.34,1.95,3.645,0,8290,11-02-2020,9224
12-02-2020,12,2,2020,16.69,23.97,9.29,16.63,101.61,5.43,1.88,3.655,0,8371,12-02-2020,9305
13-02-2020,13,2,2020,17.4,24.4,9.83,17.115,101.34,4.02,1.39,2.705,0,8232,13-02-2020,9236
14-02-2020,14,2,2020,18.69,25.42,11.89,18.655,100.92,4.29,2.22,3.255,0,7470,14-02-2020,8313
15-02-2020,15,2,2020,19.48,26.43,12.98,19.705,101.09,4.85,1.98,3.415,0,8326,15-02-2020,9249
16-02-2020,16,2,2020,20.65,26.82,15.15,20.985,101.39,3.78,0.78,2.28,0,8348,16-02-2020,9127
17-02-2020,17,2,2020,20.83,26.94,15.24,21.09,101.41,3.68,0.52,2.1,0,8559,17-02-2020,9407
18-02-2020,18,2,2020,20.83,26.97,14.57,20.77,101.31,3.55,0.33,1.94,0,8470,18-02-2020,9361
19-02-2020,19,2,2020,21.14,27.5,15.05,21.275,101.46,3.03,1.07,2.05,0,8513,19-02-2020,9363
20-02-2020,20,2,2020,21.4,27.66,15.48,21.57,101.5,5.62,0.62,3.12,0,8489,20-02-2020,9349
21-02-2020,21,2,2020,21.1,28.74,14.51,21.625,101.69,5.74,2.29,4.015,0,7066,21-02-2020,8048
22-02-2020,22,2,2020,21.87,29.17,16.52,22.845,101.68,5.05,0.44,2.745,0,8585,22-02-2020,9422
23-02-2020,23,2,2020,23.1,29.15,17.83,23.49,101.48,4.23,1.75,2.99,0.02,8869,23-02-2020,9729
24-02-2020,24,2,2020,23.36,28.75,19.24,23.995,101.24,3.25,0.24,1.745,0.12,8750,24-02-2020,9500
25-02-2020,25,2,2020,21.14,24.65,17.76,21.205,101.23,5.8,0.36,3.08,1.45,8750,25-02-2020,9500
26-02-2020,26,2,2020,21.76,25.67,18.49,22.08,101.29,3.79,0.05,1.92,0.66,8410,26-02-2020,9075
27-02-2020,27,2,2020,21.29,26.8,16.95,21.875,101.31,4.8,0.38,2.59,0.34,8386,27-02-2020,9180
28-02-2020,28,2,2020,21.19,28.08,15.39,21.735,101.26,4.84,1.85,3.345,0,7494,28-02-2020,8365
29-02-2020,29,2,2020,22.13,29.3,15.37,22.335,101.1,4.5,1.38,2.94,0,8762,29-02-2020,9418
01-03-2020,1,3,2020,22.98,29.59,17.15,23.37,101.09,4.65,2.05,3.35,0,8896,01-03-2020,9719
02-03-2020,2,3,2020,23.92,29.94,18.08,24.01,101.02,3.19,0.57,1.88,0.65,8987,02-03-2020,9756
03-03-2020,3,3,2020,24.25,29.58,19.5,24.54,100.97,4.62,1.04,2.83,9.76,8465,03-03-2020,9340
04-03-2020,4,3,2020,23.45,28.16,18.48,23.32,101.04,4.9,0.57,2.735,20.03,8863,04-03-2020,9315
05-03-2020,5,3,2020,23.73,28.72,18.37,23.545,101.01,3.59,1.04,2.315,6.31,8596,05-03-2020,9481
06-03-2020,6,3,2020,23.56,28.1,18.26,23.18,101.17,3.93,1.19,2.56,13.9,7758,06-03-2020,8460
07-03-2020,7,3,2020,22.76,27.97,18.4,23.185,101.25,4.45,1.25,2.85,7.49,8558,07-03-2020,9346
08-03-2020,8,3,2020,24.22,29.11,20.17,24.64,101.09,3.63,0.78,2.205,1.93,8805,08-03-2020,9578
09-03-2020,9,3,2020,23.01,28.47,17.18,22.825,101.04,4.28,1.43,2.855,0,8901,09-03-2020,9589
10-03-2020,10,3,2020,23.32,28.98,18.51,23.745,101.07,4.13,0.32,2.225,0.05,8901,10-03-2020,9732
11-03-2020,11,3,2020,23.82,29.55,17.89,23.72,101.05,4.02,0.1,2.06,0,9220,11-03-2020,9954
12-03-2020,12,3,2020,25.3,31.8,18.08,24.94,101.18,4.52,0.29,2.405,0,9871,12-03-2020,10623
13-03-2020,13,3,2020,25.82,33.24,19.22,26.23,101.24,5.63,0.92,3.275,0,9134,13-03-2020,9853
14-03-2020,14,3,2020,24.82,32.26,19.77,26.015,101.14,9.24,3.12,6.18,0.03,8994,14-03-2020,9582
15-03-2020,15,3,2020,23.4,31.01,17.55,24.28,101.16,7.67,4.58,6.125,0.09,9907,15-03-2020,10361
16-03-2020,16,3,2020,24.49,31.74,18.04,24.89,101.19,5.78,3.44,4.61,0,10088,16-03-2020,10610
17-03-2020,17,3,2020,24.4,30.94,18.17,24.555,101.28,4.8,1.32,3.06,0,9543,17-03-2020,9995
18-03-2020,18,3,2020,25.05,31.55,19.35,25.45,101.14,4.93,0.75,2.84,0,10153,18-03-2020,10790
19-03-2020,19,3,2020,25.81,32.5,18.76,25.63,101,3.6,0.29,1.945,0,10215,19-03-2020,10593
20-03-2020,20,3,2020,25.15,31.68,18.55,25.115,100.92,3.55,1.01,2.28,0.45,9147,20-03-2020,9727
21-03-2020,21,3,2020,26.56,32.83,20.74,26.785,100.98,3.56,0.42,1.99,0.06,9998,21-03-2020,10529
22-03-2020,22,3,2020,25.3,29.89,21.15,25.52,101.13,3.64,0.55,2.095,14.61,9539,22-03-2020,10186
23-03-2020,23,3,2020,24.62,30.36,18.3,24.33,101.07,4.68,0.31,2.495,0.26,9629,23-03-2020,10093
24-03-2020,24,3,2020,25.9,31.46,20.16,25.81,100.9,2.07,1.14,1.605,0.64,9812,24-03-2020,10264
25-03-2020,25,3,2020,26.62,32.79,20.16,26.475,100.78,3.24,0.32,1.78,0.07,9453,25-03-2020,9939
26-03-2020,26,3,2020,27.71,34.3,20.62,27.46,100.84,4.22,1.17,2.695,0,8969,26-03-2020,9492
27-03-2020,27,3,2020,28.53,35.52,20.73,28.125,100.91,5.25,0.87,3.06,0,9266,27-03-2020,9834
28-03-2020,28,3,2020,29.24,36.67,21.81,29.24,100.69,6.66,2.39,4.525,0,9585,28-03-2020,10217
29-03-2020,29,3,2020,28.95,36.47,22.05,29.26,100.64,6.89,3.12,5.005,0,,29-03-2020,9915
30-03-2020,30,3,2020,28.58,36.08,20.42,28.25,100.77,6.78,1.35,4.065,0,9240,30-03-2020,9700
31-03-2020,31,3,2020,28.4,35.66,20.44,28.05,100.86,4.3,1.03,2.665,0,9165,31-03-2020,9663
01-04-2020,1,4,2020,29.29,36.39,21.73,29.06,100.67,5.55,0.8,3.175,0,9498,01-04-2020,10113
02-04-2020,2,4,2020,29.63,37.51,21.37,29.44,100.55,6.47,3.89,5.18,0.09,8270,02-04-2020,8815
03-04-2020,3,4,2020,29.64,36.48,23.51,29.995,100.73,5.95,1.34,3.645,3.37,8259,03-04-2020,8734
04-04-2020,4,4,2020,28.9,36.05,22.58,29.315,100.9,6.55,0.61,3.58,3.42,9266,04-04-2020,9828
05-04-2020,5,4,2020,28.91,36.34,22.32,29.33,100.89,6.12,1.63,3.875,1.8,8969,05-04-2020,9454
06-04-2020,6,4,2020,28.3,36.44,21.03,28.735,100.8,7.48,2.01,4.745,0.98,9404,06-04-2020,10009
07-04-2020,7,4,2020,28.83,37.57,20.83,29.2,100.62,7.7,2.75,5.225,1,9729,07-04-2020,10308
08-04-2020,8,4,2020,30.32,38.25,23.64,30.945,100.68,8.86,2.85,5.855,0.03,9580,08-04-2020,10158
09-04-2020,9,4,2020,29.58,37.08,22.58,29.83,100.72,8.07,1.68,4.875,0.06,9407,09-04-2020,10019
10-04-2020,10,4,2020,29.86,37.69,22.05,29.87,100.94,7.24,2.77,5.005,0,9498,10-04-2020,10095
11-04-2020,11,4,2020,29.94,36.83,24.06,30.445,100.99,7.97,3.04,5.505,4.93,6916,11-04-2020,7375
12-04-2020,12,4,2020,28.44,34.98,21.96,28.47,100.94,6.99,1.09,4.04,2,8355,12-04-2020,8865
13-04-2020,13,4,2020,28.77,35.47,22.28,28.875,100.76,4.84,1.4,3.12,10.49,9466,13-04-2020,9967
14-04-2020,14,4,2020,30.3,37.73,23.33,30.53,100.84,7.36,2.29,4.825,0.88,9736,14-04-2020,10344
15-04-2020,15,4,2020,29.25,34.87,24.2,29.535,100.87,6.93,0.94,3.935,27.06,7294,15-04-2020,7769
16-04-2020,16,4,2020,28.26,33.44,23.38,28.41,100.72,6.17,0.44,3.305,7.78,8892,16-04-2020,9358
17-04-2020,17,4,2020,29.26,36.16,23.7,29.93,100.59,6.65,1,3.825,13.92,8291,17-04-2020,8830
18-04-2020,18,4,2020,28.85,34.98,24.56,29.77,100.71,7.23,3.26,5.245,9.34,8313,18-04-2020,8804
19-04-2020,19,4,2020,29.19,35.05,24.6,29.825,100.72,7.6,4.7,6.15,7.41,8944,19-04-2020,9455
20-04-2020,20,4,2020,28.65,34.36,24.12,29.24,100.73,6.47,3.81,5.14,11.79,8129,20-04-2020,8635
21-04-2020,21,4,2020,26.58,32.34,22.53,27.435,100.85,6.2,1.56,3.88,16.44,7576,21-04-2020,8041
22-04-2020,22,4,2020,26.13,31.26,21.39,26.325,100.8,5.2,1.72,3.46,4.11,8091,22-04-2020,8461
23-04-2020,23,4,2020,27.18,32.19,22.48,27.335,100.75,5.66,1.83,3.745,9.66,6803,23-04-2020,7017
24-04-2020,24,4,2020,26.16,30.16,22.96,26.56,100.73,5.4,0.95,3.175,29.42,6850,24-04-2020,7189
25-04-2020,25,4,2020,26.46,31.01,22.55,26.78,100.75,5.28,0.56,2.92,12.6,7526,25-04-2020,7969
26-04-2020,26,4,2020,26.06,30.12,22.95,26.535,100.95,5.18,2.6,3.89,12.61,6863,26-04-2020,7256
27-04-2020,27,4,2020,25.48,28.75,23.07,25.91,101.11,5.05,2.33,3.69,11.37,8490,27-04-2020,8999
28-04-2020,28,4,2020,25.78,29.35,23.05,26.2,101.01,4.75,2.42,3.585,29.82,7236,28-04-2020,7640
29-04-2020,29,4,2020,25.83,29.56,22.61,26.085,100.81,4.52,2.27,3.395,11.58,8303,29-04-2020,8743
30-04-2020,30,4,2020,26.9,30.94,22.69,26.815,100.87,4.57,1.57,3.07,8.65,8072,30-04-2020,8658
01-05-2020,1,5,2020,27.15,30.44,23.08,26.76,100.77,4.2,1.02,2.61,16.8,7657,01-05-2020,8056
02-05-2020,2,5,2020,27.11,30.73,23.39,27.06,100.64,4.53,0.51,2.52,13.23,7518,02-05-2020,7976
03-05-2020,3,5,2020,26.98,30.76,23.61,27.185,100.63,4.3,1.38,2.84,14.79,8836,03-05-2020,9279
04-05-2020,4,5,2020,28.13,32.1,23.74,27.92,100.74,3.78,0.48,2.13,5.24,9613,04-05-2020,10273
05-05-2020,5,5,2020,29.05,32.9,24.58,28.74,100.61,3.95,2.21,3.08,5.95,9613,05-05-2020,10273
06-05-2020,6,5,2020,28.26,31.22,25.43,28.325,100.65,3.34,0.13,1.735,51.46,8506,06-05-2020,9126
07-05-2020,7,5,2020,27.92,31.84,22.95,27.395,100.67,3.02,0.63,1.825,9.6,6761,07-05-2020,7103
08-05-2020,8,5,2020,27.81,31.87,23.67,27.77,100.64,5.33,1.3,3.315,7.09,9478,08-05-2020,9924
09-05-2020,9,5,2020,28.46,32.65,23.63,28.14,100.68,5.51,1.16,3.335,21.94,9973,09-05-2020,10539
10-05-2020,10,5,2020,29.55,33.01,25,29.005,100.72,3.34,0.77,2.055,9.08,9763,10-05-2020,10210
11-05-2020,11,5,2020,29.57,32.8,26.37,29.585,100.72,3.22,0.37,1.795,5.16,10678,11-05-2020,11068
12-05-2020,12,5,2020,29.55,33.19,26.35,29.77,100.62,7.27,0.42,3.845,2.6,10940,12-05-2020,11513
13-05-2020,13,5,2020,28.46,32.79,24.79,28.79,100.52,7.22,3.73,5.475,0.39,9416,13-05-2020,9803
14-05-2020,14,5,2020,28.77,32.73,24.93,28.83,100.55,5.66,2.86,4.26,12.41,9902,14-05-2020,10285
15-05-2020,15,5,2020,28.84,32.63,25.28,28.955,100.37,5.38,2.61,3.995,17.6,9675,15-05-2020,10142
16-05-2020,16,5,2020,29.12,33.53,25.08,29.305,100.28,7.27,4.17,5.72,14.98,10830,16-05-2020,11305
17-05-2020,17,5,2020,29.37,33.92,25.15,29.535,100.28,6.7,1.22,3.96,29.53,11273,17-05-2020,11828
18-05-2020,18,5,2020,29.51,33.64,25.62,29.63,100.11,4.98,1.8,3.39,0.73,11499,18-05-2020,11941
19-05-2020,19,5,2020,27.96,31.26,24.91,28.085,100.08,5.22,1.05,3.135,5.07,10327,19-05-2020,10788
20-05-2020,20,5,2020,26.8,31.22,23.04,27.13,99.61,20.79,5.35,13.07,40.56,6108,20-05-2020,6330
21-05-2020,21,5,2020,26.91,29.25,25.65,27.45,99.41,21.3,7.55,14.425,80.32,7121,21-05-2020,7411
22-05-2020,22,5,2020,28.45,32.12,24.76,28.44,100.18,7.13,0.55,3.84,5.2,8893,22-05-2020,9308
23-05-2020,23,5,2020,29.22,33.5,25.37,29.435,100.35,7.66,3.74,5.7,0.88,9835,23-05-2020,10242
24-05-2020,24,5,2020,29.26,33.48,25.81,29.645,100.28,9.13,6.36,7.745,21.89,9256,24-05-2020,9574
25-05-2020,25,5,2020,29.29,33.44,26.53,29.985,100.31,11.55,7.6,9.575,15.62,8462,25-05-2020,8929
26-05-2020,26,5,2020,28.83,32.74,26.36,29.55,100.28,10.49,6.69,8.59,16.06,7945,26-05-2020,8341
27-05-2020,27,5,2020,28.27,31.73,25.95,28.84,100.31,9.22,5.73,7.475,63.98,6399,27-05-2020,6958
28-05-2020,28,5,2020,27.77,30.9,25.23,28.065,100.39,5.9,1.74,3.82,20.27,8147,28-05-2020,8468
29-05-2020,29,5,2020,28,31.09,25.03,28.06,100.44,4.77,2.02,3.395,19.51,8660,29-05-2020,9155
30-05-2020,30,5,2020,28.53,32.06,25.76,28.91,100.51,5.48,2.62,4.05,16,8941,30-05-2020,9184
31-05-2020,31,5,2020,28.62,31.39,25.65,28.52,100.66,4.45,0.5,2.475,6.47,10001,31-05-2020,10574
01-06-2020,1,6,2020,28.4,31.23,25.83,28.53,100.61,7.05,3.81,5.43,4.15,9378,01-06-2020,9834
02-06-2020,2,6,2020,28.3,30.94,25.91,28.425,100.46,6.97,5.06,6.015,7.41,9851,02-06-2020,10228
03-06-2020,3,6,2020,28.09,30.48,25.94,28.21,100.41,6.9,4.77,5.835,6.82,9720,03-06-2020,10238
04-06-2020,4,6,2020,28.51,32.12,26.08,29.1,100.38,5.74,3.57,4.655,27.29,8763,04-06-2020,9376
05-06-2020,5,6,2020,28.05,30.3,26.03,28.165,100.32,6.48,3.09,4.785,17.55,9612,05-06-2020,10098
06-06-2020,6,6,2020,28.08,30.05,26.63,28.34,100.18,7.15,4.3,5.725,14.03,10196,06-06-2020,10677
07-06-2020,7,6,2020,28.99,32.44,25.83,29.135,100.08,4.8,1.55,3.175,10.73,10899,07-06-2020,11441
08-06-2020,8,6,2020,28.6,31.26,26.29,28.775,100.1,4.45,2.92,3.685,16.39,10882,08-06-2020,11464
09-06-2020,9,6,2020,29.16,31.54,26.34,28.94,100.13,4,1.6,2.8,9.08,11320,09-06-2020,11934
10-06-2020,10,6,2020,28.48,30.38,26.6,28.49,100.12,4.45,2.24,3.345,17.21,10999,10-06-2020,10804
11-06-2020,11,6,2020,28.02,29.54,26.37,27.955,100.01,7.71,1.83,4.77,12.45,10708,11-06-2020,11211
12-06-2020,12,6,2020,28.35,31.14,26.3,28.72,99.94,7.28,5.09,6.185,5.79,9687,12-06-2020,10167
13-06-2020,13,6,2020,28.3,29.78,27.12,28.45,99.98,6.81,5,5.905,41.6,10273,13-06-2020,10714
14-06-2020,14,6,2020,28.4,30.2,26.77,28.485,100.1,7.28,4.36,5.82,8.82,10826,14-06-2020,11410
15-06-2020,15,6,2020,28.79,31.08,26.67,28.875,99.99,6.34,4.66,5.5,14.86,11143,15-06-2020,11634
16-06-2020,16,6,2020,28.68,31.4,26.9,29.15,99.86,6.66,4.48,5.57,15.77,10844,16-06-2020,11389
17-06-2020,17,6,2020,27.98,29.38,26.65,28.015,99.74,7.7,2.42,5.06,28.46,9929,17-06-2020,10355
18-06-2020,18,6,2020,28.3,30.58,26.23,28.405,99.93,7.75,5.8,6.775,14.47,10042,18-06-2020,10510
19-06-2020,19,6,2020,28.8,31.71,26.32,29.015,100.03,7.52,4.58,6.05,21.12,10033,19-06-2020,10548
20-06-2020,20,6,2020,28.76,30.92,26.83,28.875,100.07,6.41,4.61,5.51,21.63,10756,20-06-2020,11332
21-06-2020,21,6,2020,28.4,31.18,26.51,28.845,99.93,8.39,5.54,6.965,7.58,10369,21-06-2020,11075
22-06-2020,22,6,2020,28.37,30.8,26.07,28.435,100.02,8.85,5.87,7.36,3.26,10971,22-06-2020,11476
23-06-2020,23,6,2020,29.06,32.15,26.44,29.295,100.28,6.28,4.73,5.505,3.13,11079,23-06-2020,11673
24-06-2020,24,6,2020,29.2,32.2,26.55,29.375,100.39,6.34,4.12,5.23,4,11385,24-06-2020,12070
25-06-2020,25,6,2020,28.83,31.3,26.74,29.02,100.23,8.2,5.65,6.925,2.97,10872,25-06-2020,11285
26-06-2020,26,6,2020,28.37,30.16,26.86,28.51,100.14,7.95,5.96,6.955,8.48,10212,26-06-2020,10790
27-06-2020,27,6,2020,28.56,31.18,26.68,28.93,100.12,7.62,5.99,6.805,16.95,10306,27-06-2020,10753
28-06-2020,28,6,2020,28.19,30.73,26.45,28.59,100.16,7.59,5.23,6.41,7.1,10141,28-06-2020,10619
29-06-2020,29,6,2020,28.66,32.24,25.76,29,100.2,6.51,2.09,4.3,8.07,10764,29-06-2020,11286
30-06-2020,30,6,2020,29.26,32.4,26.31,29.355,100.15,5.1,2.46,3.78,4.62,10809,30-06-2020,11367
01-07-2020,1,7,2020,28.67,31.28,26.86,29.07,100.05,7.43,4.99,6.21,2.45,11514,01-07-2020,12112
02-07-2020,2,7,2020,28.67,30.8,26.76,28.78,99.93,6.2,4.45,5.325,4.11,11501,02-07-2020,12032
03-07-2020,3,7,2020,29.15,31.89,26.64,29.265,99.99,4.97,1.98,3.475,2.89,10903,03-07-2020,11491
04-07-2020,4,7,2020,29.03,32.01,27.04,29.525,99.93,5.72,2.3,4.01,13.62,11195,04-07-2020,11743
05-07-2020,5,7,2020,28.52,30.18,27.15,28.665,99.75,7.45,5.24,6.345,5.36,11070,05-07-2020,11415
06-07-2020,6,7,2020,28.79,31.08,27.19,29.135,99.76,8.77,5.77,7.27,7.06,10983,06-07-2020,11470
07-07-2020,7,7,2020,29.17,32.15,26.93,29.54,100.11,7.31,5.53,6.42,6.85,11413,07-07-2020,11843
08-07-2020,8,7,2020,29.01,31.74,27.19,29.465,100.18,6.01,3.46,4.735,4.5,11391,08-07-2020,11838
09-07-2020,9,7,2020,28.79,30.92,26.94,28.93,100,7.82,5.63,6.725,29.51,10870,09-07-2020,11305
10-07-2020,10,7,2020,28.98,31.32,27.22,29.27,99.94,9.8,6.65,8.225,17.56,10289,10-07-2020,10640
11-07-2020,11,7,2020,28.13,29.59,27.1,28.345,99.9,7.85,5.59,6.72,31.09,10143,11-07-2020,10538
12-07-2020,12,7,2020,28.37,30.75,26.6,28.675,99.96,7.04,5.61,6.325,27.63,10507,12-07-2020,10886
13-07-2020,13,7,2020,29.13,32.29,26.51,29.4,99.93,6.73,2.84,4.785,7.93,10971,13-07-2020,11407
14-07-2020,14,7,2020,28.3,31.07,26.4,28.735,100.13,6.77,5.36,6.065,18.18,11373,14-07-2020,11783
15-07-2020,15,7,2020,28.9,32.37,26.12,29.245,100.14,6.55,4.06,5.305,4.04,11504,15-07-2020,11903
16-07-2020,16,7,2020,28.98,32.12,26.33,29.225,100.11,6.85,4.41,5.63,2.35,11536,16-07-2020,11962
17-07-2020,17,7,2020,29.12,32.13,26.56,29.345,100.14,6.31,3.84,5.075,2.54,11125,17-07-2020,11543
18-07-2020,18,7,2020,28.48,30.59,26.85,28.72,100.23,5.95,4.81,5.38,6.4,11595,18-07-2020,
19-07-2020,19,7,2020,28.79,31.46,26.57,29.015,100.16,8.98,5.37,7.175,21.86,10764,19-07-2020,11331
20-07-2020,20,7,2020,27.94,29.43,26.84,28.135,100.13,8.02,6.56,7.29,38.08,,20-07-2020,10787
21-07-2020,21,7,2020,27.74,28.87,26.72,27.795,100.22,8.11,5.57,6.84,45.56,10256,21-07-2020,10747
22-07-2020,22,7,2020,27.59,29.96,25.87,27.915,100.19,7.37,2.7,5.035,34.24,11014,22-07-2020,11483
23-07-2020,23,7,2020,28.02,31.4,25.25,28.325,100.16,6.38,4.02,5.2,19.79,11054,23-07-2020,11580
24-07-2020,24,7,2020,28.07,30.52,26.29,28.405,100.45,6.45,4.37,5.41,7.84,10558,24-07-2020,10998
25-07-2020,25,7,2020,28.51,31.82,25.78,28.8,100.5,5.36,3.38,4.37,1.87,11724,25-07-2020,12225
26-07-2020,26,7,2020,29.43,32.56,26.37,29.465,100.39,5.08,2.52,3.8,1.6,12070,26-07-2020,12536
27-07-2020,27,7,2020,28.4,30.27,26.54,28.405,100.23,5.62,3.7,4.66,11.35,11404,27-07-2020,11885
28-07-2020,28,7,2020,28.58,31.31,26.13,28.72,100.25,6.45,3.05,4.75,19.38,11287,28-07-2020,11797
29-07-2020,29,7,2020,28.75,31.67,26.53,29.1,100.31,6.75,5.27,6.01,23.95,11187,29-07-2020,11548
30-07-2020,30,7,2020,28.69,31.19,26.47,28.83,100.37,5.91,3.58,4.745,2.17,10710,30-07-2020,11169
31-07-2020,31,7,2020,29.08,32.06,26.55,29.305,100.26,5.05,2.34,3.695,4.5,10021,31-07-2020,10415
01-08-2020,1,8,2020,29.77,33.02,27.02,30.02,100.06,3.99,0.92,2.455,5.2,10328,01-08-2020,10778
02-08-2020,2,8,2020,29.2,32.13,27.12,29.625,99.79,5.34,1.2,3.27,8.21,10370,02-08-2020,10872
03-08-2020,3,8,2020,30.88,33.98,27.51,30.745,99.4,3.09,0.29,1.69,8.05,10957,03-08-2020,11454
04-08-2020,4,8,2020,29.52,33.4,26.64,30.02,99.05,10.11,2.21,6.16,17.06,10470,04-08-2020,
05-08-2020,5,8,2020,28.73,32.26,26.65,29.455,99.45,11.52,5.54,8.53,11.71,10181,05-08-2020,10910
06-08-2020,6,8,2020,28.01,30.11,26.6,28.355,100.03,7.97,6.06,7.015,4.88,10754,06-08-2020,11137
07-08-2020,7,8,2020,29.02,32.08,27.21,29.645,100.05,6.84,4.42,5.63,8.13,10838,07-08-2020,11323
08-08-2020,8,8,2020,29.14,32.41,26.9,29.655,99.92,6.59,4.56,5.575,2.08,11491,08-08-2020,12023
09-08-2020,9,8,2020,28.66,31.48,26.74,29.11,99.94,6.42,4.16,5.29,2.73,11518,09-08-2020,11974
10-08-2020,10,8,2020,29.05,32.43,26.44,29.435,100.01,6.1,4.25,5.175,2.05,11706,10-08-2020,12246
11-08-2020,11,8,2020,28.98,31.29,26.83,29.06,99.94,6.77,3.93,5.35,13.02,11629,11-08-2020,12246
12-08-2020,12,8,2020,29.53,32.7,27.11,29.905,99.94,6.85,4.05,5.45,14.66,11819,12-08-2020,12238
13-08-2020,13,8,2020,29.26,32.33,27.07,29.7,99.86,6.12,4.48,5.3,4.29,11902,13-08-2020,12484
14-08-2020,14,8,2020,29.16,32.11,26.49,29.3,99.66,6.98,1.88,4.43,3.07,11034,14-08-2020,11501
15-08-2020,15,8,2020,28.01,31.73,25.9,28.815,99.62,10.74,3.73,7.235,13.68,10199,15-08-2020,10589
16-08-2020,16,8,2020,28,30,26.56,28.28,99.71,8.34,6.2,7.27,9.41,11025,16-08-2020,11346
17-08-2020,17,8,2020,28.32,31.38,26.23,28.805,99.82,7.34,5.9,6.62,14.58,11161,17-08-2020,11682
18-08-2020,18,8,2020,28.55,31.76,25.98,28.87,99.83,6.13,4.37,5.25,5.17,11004,18-08-2020,11793
19-08-2020,19,8,2020,27.86,30.28,26.26,28.27,99.79,9.12,6,7.56,5.43,10946,19-08-2020,11429
20-08-2020,20,8,2020,26.86,29.02,25.69,27.355,100.09,10.17,6.91,8.54,17.66,10621,20-08-2020,11132
21-08-2020,21,8,2020,27.03,29,25.81,27.405,100.42,8.93,5.77,7.35,12.6,9960,21-08-2020,10401
22-08-2020,22,8,2020,27.21,29.31,25.61,27.46,100.4,7.07,2.94,5.005,25.4,10879,22-08-2020,11429
23-08-2020,23,8,2020,28.13,31.55,25.39,28.47,100.23,5.1,2.26,3.68,8.63,11322,23-08-2020,11804
24-08-2020,24,8,2020,28.71,31.93,25.41,28.67,100.1,3.88,2.8,3.34,10.51,11452,24-08-2020,11975
25-08-2020,25,8,2020,28.05,30.55,26.12,28.335,100.15,7,2.37,4.685,5.91,10932,25-08-2020,11563
26-08-2020,26,8,2020,27.69,30.57,25.98,28.275,100.18,14.74,6.48,10.61,2.79,10972,26-08-2020,11239
27-08-2020,27,8,2020,27.68,30.2,25.96,28.08,100.28,7.88,5.92,6.9,11.29,11160,27-08-2020,11595
28-08-2020,28,8,2020,28.28,31.3,25.66,28.48,100.21,6.23,4.05,5.14,11.4,10740,28-08-2020,11251
29-08-2020,29,8,2020,28.71,31.92,25.9,28.91,100.22,5.88,3.7,4.79,5.72,11678,29-08-2020,12081
30-08-2020,30,8,2020,28.93,31.97,26.19,29.08,100.25,5.74,3.45,4.595,4.26,11696,30-08-2020,12177
31-08-2020,31,8,2020,28.75,31.42,26.3,28.86,100.3,4.3,1.83,3.065,10.82,12021,31-08-2020,12577
01-09-2020,1,9,2020,27.95,29.53,26.22,27.875,100.4,5.29,1.14,3.215,23.26,10957,01-09-2020,11453
02-09-2020,2,9,2020,28.26,31.61,25.37,28.49,100.64,5.62,3.18,4.4,21.46,10370,02-09-2020,10872
03-09-2020,3,9,2020,28.76,32.4,25.3,28.85,100.73,5.49,2.05,3.77,8.15,11957,03-09-2020,12427
04-09-2020,4,9,2020,29.29,32.55,25.74,29.145,100.56,4.05,1.26,2.655,8.23,11616,04-09-2020,12101
05-09-2020,5,9,2020,29.23,32.31,26.43,29.37,100.37,6.2,3.64,4.92,0.12,12196,05-09-2020,12892
06-09-2020,6,9,2020,28.73,31.37,26.33,28.85,100.33,6.16,4.56,5.36,2,11534,06-09-2020,12097
07-09-2020,7,9,2020,28.51,31.41,26.55,28.98,100.41,5.83,3.91,4.87,6.39,11227,07-09-2020,11771
08-09-2020,8,9,2020,28.36,31.09,26.2,28.645,100.46,5.37,2.36,3.865,10.42,11664,08-09-2020,12016
09-09-2020,9,9,2020,28.64,32.09,25.68,28.885,100.39,5.87,3.34,4.605,4.48,12052,09-09-2020,
10-09-2020,10,9,2020,28.5,31.39,26.87,29.13,100.17,5.55,4.01,4.78,18.01,11454,10-09-2020,11941
11-09-2020,11,9,2020,28.51,31.59,26.28,28.935,100.26,5.84,4.12,4.98,15.02,10878,11-09-2020,11259
12-09-2020,12,9,2020,28.45,30.94,26.35,28.645,100.47,5.41,3.05,4.23,12.2,11745,12-09-2020,12229
13-09-2020,13,9,2020,28.2,30.88,26.45,28.665,100.54,5.27,3.45,4.36,20.23,11793,13-09-2020,12345
14-09-2020,14,9,2020,28.28,31.1,26.07,28.585,100.47,5.95,3.3,4.625,5.01,11519,14-09-2020,12040
15-09-2020,15,9,2020,28.23,30.76,26.02,28.39,100.42,4.92,2.38,3.65,8.05,11591,15-09-2020,12080
16-09-2020,16,9,2020,28.01,30.35,26.46,28.405,100.38,5.79,4.72,5.255,2.11,11454,16-09-2020,11966
17-09-2020,17,9,2020,28.17,30.39,26.47,28.43,100.32,6.13,2.59,4.36,12.21,10942,17-09-2020,11554
18-09-2020,18,9,2020,29.28,32.77,26.05,29.41,100.19,3.77,0.32,2.045,1.83,11069,18-09-2020,11625
19-09-2020,19,9,2020,29.15,32.57,26.41,29.49,99.92,5.66,1.41,3.535,7.7,12223,19-09-2020,12725
20-09-2020,20,9,2020,29.42,31.73,27.37,29.55,99.72,5.86,0.83,3.345,2.74,11694,20-09-2020,12220
21-09-2020,21,9,2020,28.48,30.8,26.64,28.72,99.88,10.7,4.85,7.775,14.58,11413,21-09-2020,11925
22-09-2020,22,9,2020,28.05,29.8,26.64,28.22,100.16,9.02,4.72,6.87,16.91,11056,22-09-2020,11422
23-09-2020,23,9,2020,27.8,29.36,26.73,28.045,100.39,6.84,5.05,5.945,18.01,10939,23-09-2020,11384
24-09-2020,24,9,2020,27.56,28.96,26.35,27.655,100.45,6.61,5.41,6.01,13.99,10978,24-09-2020,11477
25-09-2020,25,9,2020,27.67,29.75,26.35,28.05,100.26,6.61,5.48,6.045,33.48,9767,25-09-2020,10262
26-09-2020,26,9,2020,27.5,29.07,26.21,27.64,100.18,8.77,5.85,7.31,39.17,10261,26-09-2020,10714
27-09-2020,27,9,2020,27.7,30.41,25.62,28.015,100.34,5.99,3.8,4.895,4.03,10979,27-09-2020,11499
28-09-2020,28,9,2020,28.29,31.35,25.56,28.455,100.36,4.34,1.88,3.11,1.03,11743,28-09-2020,12111
29-09-2020,29,9,2020,28.77,31.5,25.76,28.63,100.28,3.16,0.58,1.87,0.16,11819,29-09-2020,12250
30-09-2020,30,9,2020,28.58,31.1,26.24,28.67,100.19,3.55,0.29,1.92,1.03,11913,30-09-2020,12428
01-10-2020,1,10,2020,27.8,29.95,26.19,28.07,100.2,4.66,1.16,2.91,27.92,11538,01-10-2020,12065
02-10-2020,2,10,2020,27.66,29.62,25.71,27.665,100.33,3.18,2.01,2.595,28.92,10720,02-10-2020,11238
03-10-2020,3,10,2020,28.38,31.06,26.33,28.695,100.41,3.4,0.95,2.175,8.57,11598,03-10-2020,12091
04-10-2020,4,10,2020,27.96,30.29,25.8,28.045,100.47,3.44,2.24,2.84,7.92,11830,04-10-2020,12317
05-10-2020,5,10,2020,27.52,29.83,25.65,27.74,100.47,3.7,2.05,2.875,20.48,11547,05-10-2020,12054
06-10-2020,6,10,2020,26.92,29.08,25.24,27.16,100.61,4.92,3.55,4.235,53.6,11286,06-10-2020,11944
07-10-2020,7,10,2020,27.28,30.45,24.31,27.38,100.72,4.49,2.24,3.365,16.95,11307,07-10-2020,11899
08-10-2020,8,10,2020,28.61,31.75,24.92,28.335,100.68,3.48,0.24,1.86,22.96,11499,08-10-2020,12063
09-10-2020,9,10,2020,29.2,32.32,25.94,29.13,100.61,2.99,0.34,1.665,0.33,11352,09-10-2020,11909
10-10-2020,10,10,2020,29.37,32.15,26.44,29.295,100.5,2.67,0.77,1.72,0.06,12057,10-10-2020,12650
11-10-2020,11,10,2020,29.28,32.48,26.12,29.3,100.38,3.38,0.72,2.05,3.41,12198,11-10-2020,12759
12-10-2020,12,10,2020,29.29,32.58,25.82,29.2,100.34,3.02,0.16,1.59,7.55,12029,12-10-2020,12722
13-10-2020,13,10,2020,29.67,32.8,26.13,29.465,100.36,2.51,0.23,1.37,6.22,12102,13-10-2020,12727
14-10-2020,14,10,2020,29.61,32.69,26.95,29.82,100.45,3.01,0.08,1.545,4.29,11936,14-10-2020,12528
15-10-2020,15,10,2020,29.76,33.43,27.1,30.265,100.46,3.15,0.11,1.63,1,12106,15-10-2020,12684
16-10-2020,16,10,2020,29.59,32.81,26.78,29.795,100.44,2.38,1.04,1.71,2.08,11447,16-10-2020,11984
17-10-2020,17,10,2020,28.9,32.23,25.67,28.95,100.46,3.84,1.63,2.735,0.21,12031,17-10-2020,12637
18-10-2020,18,10,2020,28.78,31.97,26.22,29.095,100.53,3.88,0.65,2.265,0.23,11917,18-10-2020,12512
19-10-2020,19,10,2020,28.66,31.78,25.3,28.54,100.5,3.91,0.56,2.235,0.3,12058,19-10-2020,12659
20-10-2020,20,10,2020,27.91,31.48,24.46,27.97,100.51,4.41,0.78,2.595,1.62,11933,20-10-2020,12538
21-10-2020,21,10,2020,26.66,28.78,24.96,26.87,100.64,5.66,1.67,3.665,19.33,11433,21-10-2020,12026
22-10-2020,22,10,2020,25.51,27.07,24.11,25.59,100.49,6.97,3.02,4.995,55.2,9354,22-10-2020,9836
23-10-2020,23,10,2020,25.19,27.33,23.12,25.225,100.13,7.25,0.47,3.86,98.61,7734,23-10-2020,8212
24-10-2020,24,10,2020,25.86,28.85,23.83,26.34,100.35,6.81,3.42,5.115,3.1,9408,24-10-2020,9790
25-10-2020,25,10,2020,26.3,29.61,23.37,26.49,100.84,3.2,1.48,2.34,2.41,10230,25-10-2020,10732
26-10-2020,26,10,2020,26.69,30.42,23.01,26.715,100.89,3.37,0.42,1.895,1.45,10189,26-10-2020,10705
27-10-2020,27,10,2020,25.73,29.76,22.17,25.965,100.84,4.29,1.38,2.835,0,10665,27-10-2020,11294
28-10-2020,28,10,2020,25.82,30.01,21.71,25.86,100.92,5.06,1.46,3.26,0,10885,28-10-2020,
29-10-2020,29,10,2020,27.05,31.54,22.7,27.12,100.89,4.88,1.09,2.985,0.2,11453,29-10-2020,12085
30-10-2020,30,10,2020,27.55,31.32,23.76,27.54,100.74,5.02,2.26,3.64,0.61,10540,30-10-2020,11107
31-10-2020,31,10,2020,26.09,28.37,24.42,26.395,100.82,5.83,1.73,3.78,12.92,10665,31-10-2020,11266
01-11-2020,1,11,2020,25.52,27.99,23.52,25.755,100.98,6.44,1.67,4.055,14.49,10487,01-11-2020,11051
02-11-2020,2,11,2020,26.8,30.11,23.33,26.72,101.04,1.66,0.48,1.07,8.01,10930,02-11-2020,11572
03-11-2020,3,11,2020,27.01,30.23,24.21,27.22,101.04,4.2,0.16,2.18,1.92,10755,03-11-2020,11427
04-11-2020,4,11,2020,23.73,27.56,20.37,23.965,101.03,4.39,2.16,3.275,0.11,9730,04-11-2020,10322
05-11-2020,5,11,2020,23.12,29.63,18.41,24.02,101.19,4.52,0.91,2.715,0,9072,05-11-2020,9602
06-11-2020,6,11,2020,21.25,26.54,16.65,21.595,101.42,4.88,1.63,3.255,0,7446,06-11-2020,7975
07-11-2020,7,11,2020,21.54,27.4,15.76,21.58,101.41,4.99,1.88,3.435,0,8796,07-11-2020,9242
08-11-2020,8,11,2020,23.12,28.63,17.66,23.145,101.41,4.4,1.29,2.845,0,9222,08-11-2020,9801
09-11-2020,9,11,2020,24.34,29.35,19.19,24.27,101.29,3.29,0.91,2.1,0,9375,09-11-2020,10008
10-11-2020,10,11,2020,23.9,28.77,18.83,23.8,101.25,4.16,1.55,2.855,0,9594,10-11-2020,10084
11-11-2020,11,11,2020,23.65,29.49,18.65,24.07,101.34,4.47,1.7,3.085,0,9318,11-11-2020,9996
12-11-2020,12,11,2020,24.03,29.73,18.51,24.12,101.38,4.62,0.46,2.54,0,9511,12-11-2020,10193
13-11-2020,13,11,2020,24.23,29.55,19.8,24.675,101.27,5.31,1.78,3.545,0,8327,13-11-2020,8915
14-11-2020,14,11,2020,23.44,28.62,19.62,24.12,101.23,5.42,2.72,4.07,0,9248,14-11-2020,9822
15-11-2020,15,11,2020,23.08,28.37,18.38,23.375,101.24,5.43,1.09,3.26,0,9180,15-11-2020,9729
16-11-2020,16,11,2020,23.62,28.58,19.19,23.885,101.17,4.42,0.3,2.36,0,9170,16-11-2020,9719
17-11-2020,17,11,2020,23.46,27.65,19.51,23.58,101.08,4.9,1.99,3.445,0,9087,17-11-2020,9633
18-11-2020,18,11,2020,23.23,27.26,18.27,22.765,101.14,3.48,0.82,2.15,0,8802,18-11-2020,9429
19-11-2020,19,11,2020,22.9,27.15,18.37,22.76,101.13,4.41,0.27,2.34,0,8850,19-11-2020,9284
20-11-2020,20,11,2020,23.13,28.14,18.65,23.395,101.08,4.71,1.12,2.915,2.06,7877,20-11-2020,8454
21-11-2020,21,11,2020,23.17,27.4,19.75,23.575,101.05,4.3,0.17,2.235,7.96,8701,21-11-2020,9321
22-11-2020,22,11,2020,20.81,25.03,17.03,21.03,101.36,6.23,2.52,4.375,1.5,8569,22-11-2020,8989
23-11-2020,23,11,2020,17.99,23.79,12.76,18.275,101.48,5.54,2.97,4.255,0.13,8407,23-11-2020,8867
24-11-2020,24,11,2020,19.17,25.08,13.05,19.065,101.38,4.98,1.21,3.095,0,8259,24-11-2020,8762
25-11-2020,25,11,2020,20.01,25.89,14.19,20.04,101.37,3.95,1.15,2.55,0,8324,25-11-2020,8900
26-11-2020,26,11,2020,20.11,25.63,15.67,20.65,101.4,4.15,1.23,2.69,0,8439,26-11-2020,8926
27-11-2020,27,11,2020,20.58,25.84,16.19,21.015,101.47,6.48,2.13,4.305,0,7234,27-11-2020,7828
28-11-2020,28,11,2020,20.44,26.22,16.55,21.385,101.49,6.77,3.09,4.93,0,8553,28-11-2020,9056
29-11-2020,29,11,2020,19.63,25.91,14.78,20.345,101.49,6.48,2.38,4.43,0,8431,29-11-2020,9055
30-11-2020,30,11,2020,19.7,26.26,13.81,20.035,101.42,5.62,0.32,2.97,0,8456,30-11-2020,9074
01-12-2020,1,12,2020,20.49,26.29,14.94,20.615,101.43,3.71,0.29,2,0,8436,01-12-2020,8968
02-12-2020,2,12,2020,20.88,25.9,16.29,21.095,101.25,3.53,0.8,2.165,0,8429,02-12-2020,8991
03-12-2020,3,12,2020,21.05,25.8,16.62,21.21,101.2,2.42,0.84,1.63,0,8496,03-12-2020,8928
04-12-2020,4,12,2020,20.39,25.39,15.97,20.68,101.16,2.73,0.43,1.58,0,7551,04-12-2020,7922
05-12-2020,5,12,2020,20.19,24.75,16.14,20.445,101.24,2.39,0.84,1.615,0,8548,05-12-2020,9098
06-12-2020,6,12,2020,20.59,25.02,16,20.51,101.41,2.52,0.66,1.59,0,8394,06-12-2020,8996
07-12-2020,7,12,2020,19.99,25.29,15.55,20.42,101.53,4.4,0.19,2.295,0,8415,07-12-2020,8991
08-12-2020,8,12,2020,19.33,24.19,15.33,19.76,101.51,4.23,0.83,2.53,0,8446,08-12-2020,8940
09-12-2020,9,12,2020,19.95,24.23,16.26,20.245,101.35,2.3,0.23,1.265,0,8299,09-12-2020,8815
10-12-2020,10,12,2020,19.8,24.12,15.99,20.055,101.27,1.5,0.41,0.955,0,8369,10-12-2020,8884
11-12-2020,11,12,2020,19.21,23.57,15.65,19.61,101.34,1.77,0.59,1.18,0.02,7514,11-12-2020,7871
12-12-2020,12,12,2020,18.44,22.59,15.2,18.895,101.25,3.12,0.02,1.57,0,8294,12-12-2020,8743
13-12-2020,13,12,2020,19.61,24.24,15.5,19.87,101.1,2.22,0.27,1.245,0,8230,13-12-2020,8699
14-12-2020,14,12,2020,19.55,24.35,15.15,19.75,101.25,2.92,0.31,1.615,0,8396,14-12-2020,8877
15-12-2020,15,12,2020,18.21,23.75,14.13,18.94,101.47,5.07,1.21,3.14,0,8413,15-12-2020,8816
16-12-2020,16,12,2020,18.66,23.83,15.2,19.515,101.52,4.88,2.78,3.83,0,7263,16-12-2020,7679
17-12-2020,17,12,2020,18.4,23.87,14.1,18.985,101.43,4.7,2.23,3.465,0,8050,17-12-2020,8546
18-12-2020,18,12,2020,16.98,22.22,12.96,17.59,101.51,5.24,1.81,3.525,0,7408,18-12-2020,7888
19-12-2020,19,12,2020,13.9,19.83,9.44,14.635,101.63,5.74,2.45,4.095,0,8069,19-12-2020,8602
20-12-2020,20,12,2020,13.89,20.68,7.99,14.335,101.59,6.48,2.04,4.26,0,8215,20-12-2020,8763
21-12-2020,21,12,2020,16.12,22.76,9.95,16.355,101.4,5.46,0.5,2.98,0,8478,21-12-2020,8862
22-12-2020,22,12,2020,17.15,23.1,11.67,17.385,101.32,3.84,0.2,2.02,0,8499,22-12-2020,8860
23-12-2020,23,12,2020,17.37,23.19,12.1,17.645,101.24,3.46,1.09,2.275,6.14,8447,23-12-2020,8950
24-12-2020,24,12,2020,17.69,23.66,12.48,18.07,101.21,4.86,1.84,3.35,0,8385,24-12-2020,8838
25-12-2020,25,12,2020,17.03,23.26,12.05,17.655,101.26,4.99,2.22,3.605,0,7367,25-12-2020,7815
26-12-2020,26,12,2020,15.83,22.44,10.55,16.495,101.36,5.12,2.8,3.96,0,8310,26-12-2020,8775
27-12-2020,27,12,2020,15.32,21.85,9.55,15.7,101.3,5.27,2.47,3.87,0,8384,27-12-2020,8843
28-12-2020,28,12,2020,16.26,22.43,10.69,16.56,101.24,4.27,1.34,2.805,0,8367,28-12-2020,8808
29-12-2020,29,12,2020,16.11,22.23,11.27,16.75,101.29,4.47,0.84,2.655,0,8384,29-12-2020,8945
30-12-2020,30,12,2020,15.84,22.71,10.4,16.555,101.39,6.07,2.02,4.045,0,8329,30-12-2020,8911
31-12-2020,31,12,2020,16.38,22.98,10.53,16.755,101.42,6.23,2.6,4.415,0,8348,31-12-2020,8853
01-01-2021,1,1,2021,16.4,23.27,10.4,16.835,101.45,6.13,2.41,4.27,0,7417,01-01-2021,7934
02-01-2021,2,1,2021,16.71,23.22,10.72,16.97,101.43,5.69,1.65,3.67,0,8407,02-01-2021,8946
03-01-2021,3,1,2021,17.5,24.14,11.55,17.845,101.27,4.59,1.23,2.91,0,8318,03-01-2021,8863
04-01-2021,4,1,2021,18.72,25.06,13.83,19.445,101.31,3.3,0.94,2.12,0,8478,04-01-2021,8921
05-01-2021,5,1,2021,19.05,25.23,13.97,19.6,101.32,3.78,1.47,2.625,0.47,8619,05-01-2021,8993
06-01-2021,6,1,2021,20.08,26.33,14.51,20.42,101.15,3.89,1.31,2.6,0,8635,06-01-2021,9073
07-01-2021,7,1,2021,21.58,27.27,16.26,21.765,101.04,3.38,1.03,2.205,0,8753,07-01-2021,9116
08-01-2021,8,1,2021,20.38,26.49,14.83,20.66,101.08,3.46,1.34,2.4,0.22,7846,08-01-2021,8158
09-01-2021,9,1,2021,20.14,25.09,15.36,20.225,101.07,2.8,1.16,1.98,0,8767,09-01-2021,9141
10-01-2021,10,1,2021,20.32,25.29,15.06,20.175,101.07,2.94,0.62,1.78,0,8750,10-01-2021,9200
11-01-2021,11,1,2021,20.99,26.03,16.76,21.395,101.21,5.17,0.33,2.75,0,8918,11-01-2021,9283
12-01-2021,12,1,2021,19.09,24.4,15.21,19.805,101.33,4.96,1.65,3.305,0,8859,12-01-2021,9245
13-01-2021,13,1,2021,16.83,22.55,12.79,17.67,101.4,4.48,1.37,2.925,0,8788,13-01-2021,9243
14-01-2021,14,1,2021,15.68,21.81,10.34,16.075,101.4,5.23,1.73,3.48,0,8791,14-01-2021,9125
15-01-2021,15,1,2021,15.45,21.26,10.83,16.045,101.24,5.23,1.97,3.6,2.11,7819,15-01-2021,8182
16-01-2021,16,1,2021,15.9,22,10.58,16.29,101.14,4.09,1.7,2.895,0,8771,16-01-2021,9165
17-01-2021,17,1,2021,15.89,21.82,10.87,16.345,101.41,4.44,2.15,3.295,0,8817,17-01-2021,9232
18-01-2021,18,1,2021,17.02,23.2,11.33,17.265,101.36,4.16,0.4,2.28,0,8927,18-01-2021,9297
19-01-2021,19,1,2021,17.46,22.58,13.29,17.935,101.18,4.47,0.58,2.525,0,8954,19-01-2021,9380
20-01-2021,20,1,2021,18.52,23.51,14.76,19.135,101.09,4.91,1.28,3.095,0.43,8797,20-01-2021,9241
21-01-2021,21,1,2021,17.79,24.37,13.42,18.895,101.17,5.01,0.29,2.65,0.03,8844,21-01-2021,9279
22-01-2021,22,1,2021,16.08,22.95,10.24,16.595,101.33,4.95,0.83,2.89,0.1,7806,22-01-2021,8189
23-01-2021,23,1,2021,16.71,22.13,11.25,16.69,101.23,3.16,0.71,1.935,0,8810,23-01-2021,9242
24-01-2021,24,1,2021,17.46,23.58,11.84,17.71,101.33,3.3,0.1,1.7,0,8822,24-01-2021,9104
25-01-2021,25,1,2021,16.61,23.29,10.73,17.01,101.44,4.52,0.95,2.735,0,8815,25-01-2021,9278
26-01-2021,26,1,2021,16.9,23.53,12.14,17.835,101.39,4.44,1.89,3.165,0,8872,26-01-2021,9240
27-01-2021,27,1,2021,15.72,22.94,10.06,16.5,101.45,5.42,2.72,4.07,0,8781,27-01-2021,9272
28-01-2021,28,1,2021,15.26,23.53,8.35,15.94,101.47,6.2,2.91,4.555,0,8844,28-01-2021,9240
29-01-2021,29,1,2021,16.4,24.21,9.11,16.66,101.41,6.52,2.6,4.56,0,7939,29-01-2021,8348
30-01-2021,30,1,2021,15.8,23.37,10.39,16.88,101.37,5.15,2.24,3.695,0,8596,30-01-2021,9075
31-01-2021,31,1,2021,14.07,21.52,7.58,14.55,101.59,4.27,2.2,3.235,0,8790,31-01-2021,9188
01-02-2021,1,2,2021,14.73,22.47,8.53,15.5,101.69,5.23,2.34,3.785,0,8746,01-02-2021,9074
02-02-2021,2,2,2021,15,23,8.63,15.815,101.62,5.05,2.04,3.545,0,8750,02-02-2021,9234
03-02-2021,3,2,2021,16.45,25.05,9.27,17.16,101.49,5.63,2.98,4.305,0,8852,03-02-2021,9179
04-02-2021,4,2,2021,17.84,26.45,10.55,18.5,101.43,6.05,3.48,4.765,0,8793,04-02-2021,9193
05-02-2021,5,2,2021,18.87,26.83,11.53,19.18,101.29,5.84,2.23,4.035,0,7836,05-02-2021,8291
06-02-2021,6,2,2021,19.84,27,14.95,20.975,101.2,8.91,0.39,4.65,0,8885,06-02-2021,9277
07-02-2021,7,2,2021,18.27,25.26,13.8,19.53,101.41,7.38,2.84,5.11,0.1,8718,07-02-2021,9201
08-02-2021,8,2,2021,17.9,25.93,11.44,18.685,101.39,5.84,3.05,4.445,0.01,8974,08-02-2021,9367
09-02-2021,9,2,2021,18.21,26.57,10.91,18.74,101.34,4.96,2.78,3.87,0,8964,09-02-2021,9356
10-02-2021,10,2,2021,19.98,27.02,14.12,20.57,101.17,3.2,0.67,1.935,0,9048,10-02-2021,9495
11-02-2021,11,2,2021,20.48,26.89,14.69,20.79,101.16,3.1,0.95,2.025,0,8997,11-02-2021,9283
12-02-2021,12,2,2021,20.6,27.65,15.1,21.375,101.25,3.35,0.66,2.005,0,7800,12-02-2021,8150
13-02-2021,13,2,2021,21.06,27.76,15.46,21.61,101.29,3.39,0.38,1.885,0,8804,13-02-2021,9370
14-02-2021,14,2,2021,21.87,27.74,15.67,21.705,101.22,2.3,0.29,1.295,0,8973,14-02-2021,9370
15-02-2021,15,2,2021,21.67,28.35,15.48,21.915,101.08,3.13,0.93,2.03,0,9009,15-02-2021,9418
16-02-2021,16,2,2021,21.1,28.77,13.57,21.17,101.09,4.29,0.38,2.335,0,9113,16-02-2021,9545
17-02-2021,17,2,2021,21.77,28.85,14.67,21.76,101.19,4.52,0.34,2.43,0,9074,17-02-2021,9519
18-02-2021,18,2,2021,22.73,30.8,15.35,23.075,101.35,6.63,2.31,4.47,0,8145,18-02-2021,9529
19-02-2021,19,2,2021,22.92,28.97,17.08,23.025,101.48,4.9,1.15,3.025,0,9166,19-02-2021,8526
20-02-2021,20,2,2021,22.28,27.03,17.76,22.395,101.51,5.55,1.22,3.385,0,8887,20-02-2021,9150
21-02-2021,21,2,2021,22.83,30.26,16.3,23.28,101.4,3.75,1.5,2.625,0,8046,21-02-2021,8450
22-02-2021,22,2,2021,22.98,29.95,16.24,23.095,101.29,3.78,1.3,2.54,0,9211,22-02-2021,9576
23-02-2021,23,2,2021,23.23,30.43,16.47,23.45,101.1,3.86,1.59,2.725,0,9339,23-02-2021,9640
24-02-2021,24,2,2021,24.13,30.87,17.39,24.13,100.9,3.41,0.66,2.035,0,9436,24-02-2021,9709
25-02-2021,25,2,2021,25.16,31.82,17.9,24.86,100.76,4.37,0.62,2.495,0,9602,25-02-2021,10039
26-02-2021,26,2,2021,24.33,33.35,16.47,24.91,100.58,5.4,2.36,3.88,0,8677,26-02-2021,9102
27-02-2021,27,2,2021,25.21,33.15,18.23,25.69,100.58,5.22,0.79,3.005,0,9959,27-02-2021,10386
28-02-2021,28,2,2021,25.4,34.3,17.19,25.745,100.7,7.32,0.57,3.945,0,10308,28-02-2021,10603
01-03-2021,1,3,2021,26.25,34.49,18.62,26.555,100.95,7.23,1.95,4.59,0,10458,01-03-2021,10988
02-03-2021,2,3,2021,26.12,33.65,19.16,26.405,101.04,4.08,2.23,3.155,0,10421,02-03-2021,10798
03-03-2021,3,3,2021,24.9,32.62,19.17,25.895,101.02,5.86,1.2,3.53,0,10312,03-03-2021,
04-03-2021,4,3,2021,24.83,32.23,16.93,24.58,101,5.28,0.28,2.78,0,10224,04-03-2021,10640
05-03-2021,5,3,2021,25.29,33.66,16.19,24.925,100.89,7.41,0.27,3.84,0,9348,05-03-2021,9947
06-03-2021,6,3,2021,25.76,33.35,19.33,26.34,100.89,5.84,0.98,3.41,0.26,,06-03-2021,10781
07-03-2021,7,3,2021,25.69,33.71,19.05,26.38,101.03,6.12,1.34,3.73,0.56,10345,07-03-2021,10951
08-03-2021,8,3,2021,26.19,33.2,20.12,26.66,101.13,6.18,0.6,3.39,0.54,10654,08-03-2021,11416
09-03-2021,9,3,2021,26.85,35.22,19.41,27.315,101.01,6.23,2.46,4.345,0.23,10941,09-03-2021,11147
10-03-2021,10,3,2021,27.76,35.23,21.26,28.245,101.04,6.31,0.98,3.645,0.59,10915,10-03-2021,11397
11-03-2021,11,3,2021,27.39,34.23,20.98,27.605,101.16,5.84,1.97,3.905,0.23,11029,11-03-2021,11615
12-03-2021,12,3,2021,28.45,35.38,21.6,28.49,101.26,5.58,0.62,3.1,0,10365,12-03-2021,10869
13-03-2021,13,3,2021,27.83,34.55,22.78,28.665,101.17,6.58,0.69,3.635,2.8,8885,13-03-2021,9432
14-03-2021,14,3,2021,27.14,33.97,20.74,27.355,100.99,5.18,0.91,3.045,0.45,10459,14-03-2021,10957
15-03-2021,15,3,2021,26.86,33.45,20.28,26.865,100.92,3.78,1.02,2.4,1.8,10871,15-03-2021,11505
16-03-2021,16,3,2021,28,35.02,21.48,28.25,100.88,3.37,1.27,2.32,0,11089,16-03-2021,11595
17-03-2021,17,3,2021,28.26,35.21,21.27,28.24,100.84,3.63,0.46,2.045,0,10636,17-03-2021,10952
18-03-2021,18,3,2021,28.26,35.86,21.22,28.54,100.81,2.99,0.93,1.96,0,11153,18-03-2021,11701
19-03-2021,19,3,2021,28.83,36.3,20.3,28.3,100.73,3.45,0.28,1.865,0,10360,19-03-2021,10846
20-03-2021,20,3,2021,29.03,35.77,22.6,29.185,100.55,5.91,0.62,3.265,0,11574,20-03-2021,12176
21-03-2021,21,3,2021,29.93,37.55,23.09,30.32,100.61,5.87,0.79,3.33,0,11910,21-03-2021,12525
22-03-2021,22,3,2021,30.99,38.63,24.37,31.5,100.85,4.47,0.45,2.46,0,11869,22-03-2021,12565
23-03-2021,23,3,2021,30.99,38.59,22.59,30.59,100.91,5.18,0.66,2.92,0,12076,23-03-2021,12643
24-03-2021,24,3,2021,30.76,38.15,23.6,30.875,100.75,7,1.89,4.445,0,12125,24-03-2021,12790
25-03-2021,25,3,2021,30.12,38.26,23.41,30.835,100.72,6.38,4,5.19,0,12125,25-03-2021,12717
26-03-2021,26,3,2021,29.52,38.01,21.98,29.995,100.73,6.26,1.09,3.675,0,10469,26-03-2021,11129
27-03-2021,27,3,2021,29.19,37.65,21,29.325,100.72,4.8,1.38,3.09,0,11859,27-03-2021,12446
28-03-2021,28,3,2021,29.61,37.49,21.79,29.64,100.57,6.48,0.09,3.285,0,11927,28-03-2021,12634
29-03-2021,29,3,2021,30.81,38.23,23.49,30.86,100.35,7.89,1.97,4.93,0.09,11562,29-03-2021,12050
30-03-2021,30,3,2021,31.31,38.91,24.33,31.62,99.91,7.02,1.31,4.165,0.74,10886,30-03-2021,11407
31-03-2021,31,3,2021,31.08,40.19,23.42,31.805,99.71,5.87,1.6,3.735,0.96,11877,31-03-2021,12403
01-04-2021,1,4,2021,30.54,39.23,22.99,31.11,100,9.53,1.05,5.29,1,12228,01-04-2021,12893
02-04-2021,2,4,2021,30.46,37.94,23.44,30.69,100.39,8.15,0.52,4.335,0.07,11243,02-04-2021,11995
03-04-2021,3,4,2021,30.93,38.44,23.47,30.955,100.57,7.45,1.05,4.25,0.02,10853,03-04-2021,13018
04-04-2021,4,4,2021,30.64,38.77,23.33,31.05,100.61,8.76,1.97,5.365,5.8,12263,04-04-2021,8524
05-04-2021,5,4,2021,29.98,36.43,23.46,29.945,100.83,8.58,0.42,4.5,2.73,8191,05-04-2021,11347
06-04-2021,6,4,2021,29.29,36.83,20.93,28.88,100.8,6.01,0.84,3.425,8.42,11398,06-04-2021,11958
07-04-2021,7,4,2021,30.03,37.67,23.23,30.45,100.79,8.75,2.96,5.855,0,11973,07-04-2021,12651
08-04-2021,8,4,2021,30.3,37.48,23.14,30.31,100.65,8.77,3.24,6.005,0.17,11048,08-04-2021,12854
09-04-2021,9,4,2021,30.1,36.64,24.28,30.46,100.69,7.17,2.3,4.735,3.03,11048,09-04-2021,11655
10-04-2021,10,4,2021,30.38,37.09,24,30.545,100.77,6.03,1.75,3.89,5.45,12496,10-04-2021,13064
11-04-2021,11,4,2021,31.87,38.62,24.4,31.51,100.86,6.82,0.6,3.71,0.86,12201,11-04-2021,12798
12-04-2021,12,4,2021,32.98,39.63,26.44,33.035,100.86,8.14,1.22,4.68,0.24,12729,12-04-2021,13377
13-04-2021,13,4,2021,32.44,40.36,24.78,32.57,100.73,8.91,1.71,5.31,0.25,12717,13-04-2021,13308
14-04-2021,14,4,2021,31.95,39.95,23.69,31.82,100.65,8.93,0.37,4.65,0.12,12460,14-04-2021,13058
15-04-2021,15,4,2021,31.26,37.23,26.05,31.64,100.55,8.83,3.4,6.115,0.01,12738,15-04-2021,13380
16-04-2021,16,4,2021,30.51,37.05,26.26,31.655,100.64,8.45,4.41,6.43,0.14,12290,16-04-2021,12705
17-04-2021,17,4,2021,29.65,36.38,24.08,30.23,100.8,8.08,2.1,5.09,8.05,11455,17-04-2021,11940
18-04-2021,18,4,2021,29.87,36.05,24.02,30.035,100.75,7.09,1.95,4.52,12.97,12120,18-04-2021,12661
19-04-2021,19,4,2021,31.15,38.96,24.47,31.715,100.46,8.04,2.16,5.1,1.15,12524,19-04-2021,12961
20-04-2021,20,4,2021,30.75,39.3,22.55,30.925,100.47,8.9,1.56,5.23,1.9,12685,20-04-2021,13228
21-04-2021,21,4,2021,31.43,37.63,25.48,31.555,100.62,7.55,1.3,4.425,1.05,11938,21-04-2021,12542
22-04-2021,22,4,2021,30.2,36.05,25.56,30.805,100.68,6.45,1.71,4.08,22.52,11790,22-04-2021,12409
23-04-2021,23,4,2021,30.51,37.14,24.42,30.78,100.64,4.21,0.84,2.525,0.86,11326,23-04-2021,11853
24-04-2021,24,4,2021,31.3,38.9,24.19,31.545,100.57,7.25,0.41,3.83,0,12410,24-04-2021,13007
25-04-2021,25,4,2021,31.3,39.6,23.44,31.52,100.52,7.02,1.7,4.36,0,12734,25-04-2021,13520
26-04-2021,26,4,2021,32.58,39.95,25.17,32.56,100.47,6.48,0.5,3.49,0,13065,26-04-2021,13777
27-04-2021,27,4,2021,32.51,39.21,26.66,32.935,100.51,8.11,3,5.555,0,13194,27-04-2021,13792
28-04-2021,28,4,2021,32.3,39.48,25.68,32.58,100.71,8.36,1.41,4.885,0.1,12298,28-04-2021,12949
29-04-2021,29,4,2021,30.83,35.26,26.83,31.045,100.77,6.38,2.41,4.395,3.74,12967,29-04-2021,13788
30-04-2021,30,4,2021,31.26,37.36,25.86,31.61,100.63,6.31,0.12,3.215,4.56,12555,30-04-2021,13289
01-05-2021,1,5,2021,32.22,38.83,26.06,32.445,100.65,8.17,1.33,4.75,0.33,11227,01-05-2021,11665
02-05-2021,2,5,2021,32.17,38.27,25.81,32.04,100.65,7.12,1.55,4.335,0.56,12237,02-05-2021,12738
03-05-2021,3,5,2021,29.71,33.94,26.35,30.145,100.59,7.41,0.61,4.01,6.74,12405,03-05-2021,12943
04-05-2021,4,5,2021,26.78,30.19,24.54,27.365,100.76,6.22,1.16,3.69,31.94,10917,04-05-2021,11394
05-05-2021,5,5,2021,26.3,29.41,23.57,26.49,100.81,5.35,0.39,2.87,9.78,11121,05-05-2021,
06-05-2021,6,5,2021,28.39,33.71,23.17,28.44,100.86,5.21,1.48,3.345,6.4,12067,06-05-2021,12527
07-05-2021,7,5,2021,29.33,34.24,24.2,29.22,100.91,6.02,1.61,3.815,12.63,10752,07-05-2021,11125
08-05-2021,8,5,2021,29.03,33.16,24.5,28.83,100.79,5.76,1.13,3.445,9.74,12144,08-05-2021,12734
09-05-2021,9,5,2021,29.56,34.13,24.58,29.355,100.64,4.18,0.23,2.205,4.97,10588,09-05-2021,10978
10-05-2021,10,5,2021,29.69,34.6,24.87,29.735,100.49,5.12,2.84,3.98,9.37,10326,10-05-2021,10812
11-05-2021,11,5,2021,28.52,32.07,25.14,28.605,100.49,5.62,1.44,3.53,27.87,9125,11-05-2021,9453
12-05-2021,12,5,2021,28.14,31.47,25.19,28.33,100.38,5.84,0.16,3,25.81,9701,12-05-2021,10111
13-05-2021,13,5,2021,28.44,32.9,24.19,28.545,100.32,5.8,2.41,4.105,12.12,8659,13-05-2021,9099
14-05-2021,14,5,2021,28.77,32.72,25.38,29.05,100.21,5.95,1.52,3.735,11.71,9368,14-05-2021,9780
15-05-2021,15,5,2021,30.54,36.24,25.02,30.63,100.32,7.18,2.28,4.73,3.79,8375,15-05-2021,8766
16-05-2021,16,5,2021,30.39,35.03,25.63,30.33,100.47,7.01,0.93,3.97,22.02,10306,16-05-2021,10787
17-05-2021,17,5,2021,31.1,35.48,26.53,31.005,100.45,6.2,1.83,4.015,9.26,10721,17-05-2021,11192
18-05-2021,18,5,2021,30.81,34.82,26.92,30.87,100.36,7.56,3.22,5.39,16.38,10535,18-05-2021,10978
19-05-2021,19,5,2021,30.04,33.15,26.99,30.07,100.32,7.12,3,5.06,8.42,12059,19-05-2021,12768
20-05-2021,20,5,2021,29.78,32.35,27.28,29.815,100.31,7.18,0.87,4.025,5.01,11434,20-05-2021,11980
21-05-2021,21,5,2021,29.79,33.17,27.24,30.205,100.27,8.13,0.3,4.215,2.47,11954,21-05-2021,12519
22-05-2021,22,5,2021,29.97,33.14,27.13,30.135,100.15,6.68,0.9,3.79,0.71,12710,22-05-2021,13417
23-05-2021,23,5,2021,31.61,35.61,27.69,31.65,100.1,4.95,0.44,2.695,0.12,12679,23-05-2021,13357
24-05-2021,24,5,2021,30.18,33.93,27.13,30.53,100.08,5.09,3.11,4.1,3.12,11730,24-05-2021,12353
25-05-2021,25,5,2021,29.19,32.64,26.72,29.68,99.88,7.88,0.59,4.235,30.88,11312,25-05-2021,11907
26-05-2021,26,5,2021,27.87,30.87,25.69,28.28,99.7,14.13,7.29,10.71,16.47,11008,26-05-2021,11529
27-05-2021,27,5,2021,28.69,31.98,26.04,29.01,100.01,13.67,6.96,10.315,11.31,11344,27-05-2021,11749
28-05-2021,28,5,2021,30.13,34.25,27.08,30.665,100.39,7.65,4.94,6.295,8.53,11198,28-05-2021,11780
29-05-2021,29,5,2021,29.98,34.12,26.15,30.135,100.4,6.62,3.28,4.95,5.43,12600,29-05-2021,13171
30-05-2021,30,5,2021,29.83,33.58,26.21,29.895,100.25,6.85,4.04,5.445,3.83,12319,30-05-2021,12994
31-05-2021,31,5,2021,28.33,29.97,26.87,28.42,100.06,7.8,5.8,6.8,35.68,11348,31-05-2021,11840
01-06-2021,1,6,2021,28.72,31.15,26.61,28.88,100.2,6.38,3.77,5.075,24.55,11026,01-06-2021,11612
02-06-2021,2,6,2021,28.73,31.4,26.5,28.95,100.33,5.93,3.06,4.495,13.14,12204,02-06-2021,13014
03-06-2021,3,6,2021,29.25,32.49,26.48,29.485,100.45,5.43,3.84,4.635,1.86,12192,03-06-2021,12754
04-06-2021,4,6,2021,29.37,32.24,27.16,29.7,100.42,6.53,4.51,5.52,2.39,11697,04-06-2021,12215
05-06-2021,5,6,2021,29.12,32.19,27.26,29.725,100.29,6.61,4.62,5.615,19.12,11035,05-06-2021,11262
06-06-2021,6,6,2021,29.12,31.8,26.83,29.315,100.22,6.58,4.62,5.6,34.22,9892,06-06-2021,10227
07-06-2021,7,6,2021,29.25,32.05,27.07,29.56,100.11,9.09,5.88,7.485,14.91,10619,07-06-2021,10869
08-06-2021,8,6,2021,28.63,30.64,27,28.82,100,7.71,4.26,5.985,14.91,11765,08-06-2021,12411
09-06-2021,9,6,2021,27.67,29.42,26.04,27.73,99.99,5.95,4.53,5.24,37.87,12236,09-06-2021,12803
10-06-2021,10,6,2021,27.8,29.87,25.58,27.725,99.89,5.33,1.79,3.56,12.62,11822,10-06-2021,12223
11-06-2021,11,6,2021,27.45,29.35,25.63,27.49,99.67,7.16,3.78,5.47,25.32,11046,11-06-2021,11584
12-06-2021,12,6,2021,27.62,29.33,25.77,27.55,99.72,7.78,3.74,5.76,23.85,12044,12-06-2021,12668
13-06-2021,13,6,2021,28.68,31.94,26.32,29.13,99.78,7.24,5,6.12,2.49,12244,13-06-2021,12792
14-06-2021,14,6,2021,28.97,32.06,26.64,29.35,99.57,8.62,2.55,5.585,12.27,12191,14-06-2021,12749
15-06-2021,15,6,2021,28.59,31.01,26.75,28.88,99.46,9.75,2.6,6.175,15.22,11797,15-06-2021,12352
16-06-2021,16,6,2021,28.4,31.61,25.97,28.79,99.63,6.48,2.19,4.335,7.11,11285,16-06-2021,11896
17-06-2021,17,6,2021,27.45,30.24,25.12,27.68,99.94,11.52,5.48,8.5,13.57,11090,17-06-2021,11600
18-06-2021,18,6,2021,27.45,30.83,24.55,27.69,100.13,7.8,3.23,5.515,32.1,10139,18-06-2021,10628
19-06-2021,19,6,2021,27.28,29.77,25.57,27.67,100.16,7.2,4.93,6.065,59.78,10232,19-06-2021,10821
20-06-2021,20,6,2021,26.94,28.83,25.15,26.99,100.14,7.47,1.79,4.63,15.67,10901,20-06-2021,11276
21-06-2021,21,6,2021,27.23,29.28,25.2,27.24,100.05,7.74,4.8,6.27,26.3,11566,21-06-2021,12356
22-06-2021,22,6,2021,27.94,31.19,25.38,28.285,100.14,7.52,4.38,5.95,7.25,11623,22-06-2021,12106
23-06-2021,23,6,2021,27.94,31.64,24.63,28.135,100.26,7.34,3.99,5.665,2.86,11981,23-06-2021,12611
24-06-2021,24,6,2021,28.63,32.15,25.45,28.8,100.12,6.68,4.15,5.415,3.39,11999,24-06-2021,12604
25-06-2021,25,6,2021,28.35,31.37,25.71,28.54,100.04,7.1,4.45,5.775,2.94,11499,25-06-2021,12025
26-06-2021,26,6,2021,28.65,31.9,26.01,28.955,100.19,6.56,5.66,6.11,4.4,12262,26-06-2021,12938
27-06-2021,27,6,2021,28.83,31.98,25.98,28.98,100.44,7.09,4.64,5.865,1.7,12113,27-06-2021,12792
28-06-2021,28,6,2021,28.51,31.36,26.33,28.845,100.37,7.48,5.36,6.42,11.61,11881,28-06-2021,12335
29-06-2021,29,6,2021,28.73,31.48,26.5,28.99,100.15,9.48,6.25,7.865,16.31,10896,29-06-2021,11425
30-06-2021,30,6,2021,28.68,31.19,27.17,29.18,99.97,8.51,6.26,7.385,38.72,9804,30-06-2021,10217
01-07-2021,1,7,2021,28.73,31.16,26.97,29.065,99.87,8.27,6.05,7.16,25.88,9625,01-07-2021,10097
02-07-2021,2,7,2021,27.71,29.62,26.12,27.87,100.01,9.43,4.5,6.965,46.74,9500,02-07-2021,9942
03-07-2021,3,7,2021,28.76,31.62,26.41,29.015,100.07,7.14,5.21,6.175,24.33,11000,03-07-2021,11515
04-07-2021,4,7,2021,29.41,32.72,26.36,29.54,100.19,6.62,0.17,3.395,14.85,11288,04-07-2021,11704
05-07-2021,5,7,2021,29.4,32.69,26.4,29.545,100.17,4.91,0.34,2.625,9.42,11862,05-07-2021,12477
06-07-2021,6,7,2021,28.7,31.12,26.98,29.05,100.02,5.86,2.2,4.03,13.67,11798,06-07-2021,12433
07-07-2021,7,7,2021,28.73,30.6,27.25,28.925,100.07,6.3,4.91,5.605,16.42,11209,07-07-2021,11698
08-07-2021,8,7,2021,28.65,31.37,26.22,28.795,100.12,6.27,3.93,5.1,6.38,11769,08-07-2021,12358
09-07-2021,9,7,2021,28.78,31.86,26.3,29.08,100.02,5.78,3.57,4.675,1.09,11572,09-07-2021,12113
10-07-2021,10,7,2021,28.23,30.14,26.42,28.28,100.07,5.91,3.3,4.605,1.79,12453,10-07-2021,12898
11-07-2021,11,7,2021,28.4,30.71,26.57,28.64,100.29,5.16,2.59,3.875,4.53,12348,11-07-2021,12900
12-07-2021,12,7,2021,28.81,32.64,26.21,29.425,100.4,6.06,1.82,3.94,1.7,12405,12-07-2021,13022
13-07-2021,13,7,2021,28.11,30.69,25.76,28.225,100.31,7.91,3.17,5.54,1.85,12242,13-07-2021,12838
14-07-2021,14,7,2021,28.62,31.92,26.27,29.095,100.37,7.19,3.22,5.205,1.45,12483,14-07-2021,13077
15-07-2021,15,7,2021,28.86,31.73,26.09,28.91,100.41,5.77,1.85,3.81,0.49,12759,15-07-2021,13525
16-07-2021,16,7,2021,27.73,29.23,26.4,27.815,100.54,6.09,2.2,4.145,4.15,12169,16-07-2021,12830
17-07-2021,17,7,2021,28.58,31.26,25.92,28.59,100.38,5.29,3.71,4.5,5.42,12501,17-07-2021,13056
18-07-2021,18,7,2021,27.48,28.8,26.38,27.59,100.17,5.3,3.3,4.3,11.49,12339,18-07-2021,12953
19-07-2021,19,7,2021,27.74,29.39,26.3,27.845,99.98,5.4,3.77,4.585,12.96,11427,19-07-2021,11940
20-07-2021,20,7,2021,28.75,31.89,26.08,28.985,99.91,5.23,3,4.115,42.84,10411,20-07-2021,10960
21-07-2021,21,7,2021,28.92,32.16,26.1,29.13,99.69,5.72,2.67,4.195,4.43,10819,21-07-2021,11298
22-07-2021,22,7,2021,28.76,31.93,26.34,29.135,99.57,7.54,2.99,5.265,15.7,10347,22-07-2021,10908
23-07-2021,23,7,2021,28,30.01,26.41,28.21,99.65,10.47,6.35,8.41,7.65,9844,23-07-2021,10303
24-07-2021,24,7,2021,28.76,31.53,27.08,29.305,99.77,10.2,6.16,8.18,24.32,10012,24-07-2021,10620
25-07-2021,25,7,2021,29.13,32.23,26.52,29.375,99.82,6.01,4.02,5.015,5.57,10649,25-07-2021,11285
26-07-2021,26,7,2021,30.4,33.55,27.4,30.475,99.59,4.52,0.78,2.65,3.57,10858,26-07-2021,11354
27-07-2021,27,7,2021,29.35,30.5,27.92,29.21,99.36,5.46,0.91,3.185,16.35,10053,27-07-2021,10551
28-07-2021,28,7,2021,28.8,29.97,27.4,28.685,99.12,10.92,3.52,7.22,5.04,9940,28-07-2021,10400
29-07-2021,29,7,2021,27.65,29.48,26.44,27.96,99.19,15.61,10.61,13.11,17.52,8861,29-07-2021,9309
30-07-2021,30,7,2021,28.23,30.98,26.45,28.715,99.7,14.61,7.58,11.095,13.27,9659,30-07-2021,10204
31-07-2021,31,7,2021,28.48,31.16,26.51,28.835,99.94,7.84,4.49,6.165,9.07,10156,31-07-2021,10777
01-08-2021,1,8,2021,27.94,30.26,26.23,28.245,99.88,6.34,4.46,5.4,16.38,10959,01-08-2021,11508
02-08-2021,2,8,2021,28.69,32.31,26.15,29.23,99.88,5.38,2.3,3.84,11.58,11022,02-08-2021,11788
03-08-2021,3,8,2021,28.68,31.21,26.22,28.715,99.93,4.05,1.38,2.715,11.43,11544,03-08-2021,12060
04-08-2021,4,8,2021,28.32,30.44,26.58,28.51,99.94,4.05,1.97,3.01,36.69,11412,04-08-2021,11997
05-08-2021,5,8,2021,29.44,33.26,26.05,29.655,99.83,3.94,0.48,2.21,13,11803,05-08-2021,12438
06-08-2021,6,8,2021,29.01,31.3,26.93,29.115,99.68,5.84,3.15,4.495,29.11,11416,06-08-2021,12179
07-08-2021,7,8,2021,28.25,29.89,27.16,28.525,100.01,8.55,4.48,6.515,32.75,11558,07-08-2021,12159
08-08-2021,8,8,2021,29.07,32.15,26.55,29.35,100.32,7.18,2.72,4.95,8.83,11649,08-08-2021,12290
09-08-2021,9,8,2021,29.13,32.25,26.4,29.325,100.28,6.66,3.72,5.19,11.21,11978,09-08-2021,12524
10-08-2021,10,8,2021,28.83,31.35,26.99,29.17,100.04,7.19,4.42,5.805,9.08,11943,10-08-2021,12673
11-08-2021,11,8,2021,29.19,31.81,27.23,29.52,100.05,6.27,4.28,5.275,5.2,12143,11-08-2021,12768
12-08-2021,12,8,2021,28.78,30.72,27.43,29.075,100.16,8.82,5.46,7.14,21.55,12138,12-08-2021,12748
13-08-2021,13,8,2021,27.64,29.14,26.52,27.83,100.11,9.77,5.77,7.77,17.26,11304,13-08-2021,11840
14-08-2021,14,8,2021,28.81,32.05,26.24,29.145,99.97,6.35,4.59,5.47,21.23,12044,14-08-2021,12706
15-08-2021,15,8,2021,28.54,31.39,26.62,29.005,100.12,6.59,2.84,4.715,8.11,11759,15-08-2021,12487
16-08-2021,16,8,2021,28.7,32.44,25.48,28.96,100.35,7.96,1.62,4.79,4.96,12325,16-08-2021,12987
17-08-2021,17,8,2021,28.48,31.65,26.36,29.005,100.38,7.78,4.26,6.02,12.81,12148,17-08-2021,12675
18-08-2021,18,8,2021,27.66,29.4,26.2,27.8,100.25,6.43,4.7,5.565,11.27,11895,18-08-2021,12526
19-08-2021,19,8,2021,27.31,29.15,25.76,27.455,100.33,7.67,4.14,5.905,4.34,11889,19-08-2021,12531
20-08-2021,20,8,2021,27.6,30.27,25.47,27.87,100.6,6.95,5.22,6.085,4.32,11063,20-08-2021,11651
21-08-2021,21,8,2021,27.97,30.98,25.33,28.155,100.73,5.98,2.8,4.39,3.08,12112,21-08-2021,12686
22-08-2021,22,8,2021,28.26,30.97,25.69,28.33,100.52,7.45,2.63,5.04,4.46,12665,22-08-2021,13271
23-08-2021,23,8,2021,28.62,31.58,26.08,28.83,100.36,6.88,4.39,5.635,14.12,11820,23-08-2021,12491
24-08-2021,24,8,2021,28.61,31.43,26.7,29.065,100.21,6.56,4.44,5.5,11.3,12265,24-08-2021,12864
25-08-2021,25,8,2021,28.45,30.71,27.04,28.875,99.98,6.56,5.03,5.795,16.29,12303,25-08-2021,12919
26-08-2021,26,8,2021,28.48,31.13,26.51,28.82,99.94,6.61,4.2,5.405,15.27,11915,26-08-2021,12416
27-08-2021,27,8,2021,27.31,28.37,26.3,27.335,100.16,6.46,4.59,5.525,35.07,11596,27-08-2021,12120
28-08-2021,28,8,2021,27.89,30.68,25.8,28.24,100.17,6.55,3.61,5.08,8.8,12173,28-08-2021,12743
29-08-2021,29,8,2021,27.64,30.43,25.31,27.87,100.29,6.92,4.03,5.475,5.9,12147,29-08-2021,12893
30-08-2021,30,8,2021,27.23,29.27,25.69,27.48,100.58,5.09,3.77,4.43,9.42,12234,30-08-2021,12868
31-08-2021,31,8,2021,28.1,31.23,25.39,28.31,100.67,4.48,2.34,3.41,4.45,12234,31-08-2021,13185
01-09-2021,1,9,2021,27.34,28.58,26.4,27.49,100.61,4.54,2.32,3.43,7.52,12420,01-09-2021,13075
02-09-2021,2,9,2021,26.97,28.22,25.69,26.955,100.49,4.51,1.26,2.885,7.53,12388,02-09-2021,12964
03-09-2021,3,9,2021,28.33,32.53,24.02,28.275,100.3,3.09,0.21,1.65,0.24,11981,03-09-2021,12602
04-09-2021,4,9,2021,29.08,33.18,24.8,28.99,100.16,4.29,0.39,2.34,2.45,12652,04-09-2021,13343
05-09-2021,5,9,2021,29.27,32.8,26.05,29.425,100.14,4.7,0.6,2.65,2.49,12423,05-09-2021,13148
06-09-2021,6,9,2021,28.34,31.28,26.54,28.91,100.43,7.72,4.87,6.295,8.57,12409,06-09-2021,13082
07-09-2021,7,9,2021,27.62,30.34,25.86,28.1,100.7,7.67,4.23,5.95,6.19,12400,07-09-2021,13060
08-09-2021,8,9,2021,27.77,30.79,24.89,27.84,100.55,4.65,2.84,3.745,1.61,12592,08-09-2021,13130
09-09-2021,9,9,2021,28.58,30.93,26,28.465,100.38,3.18,0.5,1.84,3,12707,09-09-2021,13314
10-09-2021,10,9,2021,28.43,31.43,25.89,28.66,100.27,5.65,1.09,3.37,3.51,11936,10-09-2021,12581
11-09-2021,11,9,2021,28.35,31.44,25.59,28.515,100.27,5.74,1.45,3.595,11.93,12768,11-09-2021,13509
12-09-2021,12,9,2021,28.16,31.83,25.83,28.83,99.97,8.69,3.39,6.04,1.38,12497,12-09-2021,13025
13-09-2021,13,9,2021,27.59,29.7,25.87,27.785,100.06,11.22,6.63,8.925,2.07,12292,13-09-2021,12951
14-09-2021,14,9,2021,27.29,28.71,26.11,27.41,100.48,7.83,4.67,6.25,13.54,11828,14-09-2021,12442
15-09-2021,15,9,2021,28.22,31.48,25.25,28.365,100.59,4.79,3.26,4.025,5.69,12409,15-09-2021,13085
16-09-2021,16,9,2021,27.78,30.61,25.6,28.105,100.36,5.2,1.34,3.27,10.26,12448,16-09-2021,13020
17-09-2021,17,9,2021,27.97,30.74,25.62,28.18,100.28,6.64,0.82,3.73,11.45,11238,17-09-2021,11735
18-09-2021,18,9,2021,26.83,28.38,25.69,27.035,100.47,5.6,2.42,4.01,13.83,12111,18-09-2021,12647
19-09-2021,19,9,2021,27.4,30.18,25.33,27.755,100.62,4.62,0.73,2.675,21.21,11833,19-09-2021,12370
20-09-2021,20,9,2021,26.84,29.23,25.02,27.125,100.56,5.47,3.07,4.27,3.36,11926,20-09-2021,12571
21-09-2021,21,9,2021,26.87,29.71,24.97,27.34,100.49,5.99,3.33,4.66,3.54,11898,21-09-2021,12403
22-09-2021,22,9,2021,26.35,29.05,24.74,26.895,100.42,5.62,3.6,4.61,5.79,11955,22-09-2021,12491
23-09-2021,23,9,2021,28.1,31.86,24.81,28.335,100.55,6.33,1.82,4.075,4.79,12472,23-09-2021,
24-09-2021,24,9,2021,28.87,32.79,25.34,29.065,100.54,3.26,0.48,1.87,0.29,12116,24-09-2021,12696
25-09-2021,25,9,2021,28.93,32.39,26.08,29.235,100.41,5.55,1.06,3.305,4.31,12508,25-09-2021,13052
26-09-2021,26,9,2021,28.55,32.02,25.52,28.77,100.37,4.95,1.73,3.34,14.34,12336,26-09-2021,12936
27-09-2021,27,9,2021,27.95,31,26.23,28.615,100.39,5.13,2.04,3.585,9.18,12168,27-09-2021,12716
28-09-2021,28,9,2021,26.86,28.8,25.53,27.165,100.67,5.73,3.47,4.6,9.04,11857,28-09-2021,12371
29-09-2021,29,9,2021,26.55,28.48,25.37,26.925,100.76,5.96,3.28,4.62,6.49,11899,29-09-2021,12503
30-09-2021,30,9,2021,27.01,29.33,25.08,27.205,100.82,3.33,2.24,2.785,6.4,12623,30-09-2021,13065
01-10-2021,1,10,2021,27.53,29.96,24.83,27.395,100.78,3.12,0.22,1.67,0.62,11807,01-10-2021,12308
02-10-2021,2,10,2021,27.9,31.12,24.61,27.865,100.68,5.23,1.44,3.335,0.85,12619,02-10-2021,13178
03-10-2021,3,10,2021,28.01,31.33,25.29,28.31,100.53,6.02,4.19,5.105,9.9,11131,03-10-2021,11569
04-10-2021,4,10,2021,27.12,28.88,25.91,27.395,100.5,6.16,3.83,4.995,26.51,11837,04-10-2021,12425
05-10-2021,5,10,2021,27.23,29.69,25.49,27.59,100.7,5.91,1.43,3.67,17.66,11943,05-10-2021,12406
06-10-2021,6,10,2021,27.45,30.7,24.51,27.605,100.61,2.7,0.53,1.615,24.16,12329,06-10-2021,12829
07-10-2021,7,10,2021,28.15,32.15,24.68,28.415,100.4,4.2,0.31,2.255,8.61,12396,07-10-2021,12972
08-10-2021,8,10,2021,28.39,31.77,25.1,28.435,100.32,4.07,0.63,2.35,17.23,11818,08-10-2021,12349
09-10-2021,9,10,2021,28.54,31.98,25.12,28.55,100.38,3.28,0.68,1.98,7.91,12742,09-10-2021,13243
10-10-2021,10,10,2021,28.9,32.06,26.4,29.23,100.42,4.35,0.61,2.48,3.79,12751,10-10-2021,13390
11-10-2021,11,10,2021,28.09,31.95,24.9,28.425,100.36,5.16,3.04,4.1,0.05,12837,11-10-2021,13482
12-10-2021,12,10,2021,28.23,31.58,24.97,28.275,100.27,5.73,3.34,4.535,0.62,12916,12-10-2021,13420
13-10-2021,13,10,2021,28.3,30.88,25.8,28.34,100.24,5.96,0.1,3.03,1.89,12878,13-10-2021,13445
14-10-2021,14,10,2021,28.98,31.94,26.01,28.975,100.3,2.22,0.66,1.44,2.73,12501,14-10-2021,13102
15-10-2021,15,10,2021,29.24,32.8,26,29.4,100.16,4.55,0.9,2.725,4.78,11251,15-10-2021,11744
16-10-2021,16,10,2021,28.4,31.26,26.49,28.875,100.36,4.78,1.34,3.06,2.77,12294,16-10-2021,12829
17-10-2021,17,10,2021,27.44,29.51,26.04,27.775,100.6,8.3,0.37,4.335,15.18,11687,17-10-2021,12100
18-10-2021,18,10,2021,26.24,28.08,25.37,26.725,100.68,8.43,7.02,7.725,25.6,11121,18-10-2021,11556
19-10-2021,19,10,2021,26.35,27.62,25.3,26.46,100.91,7.82,5.27,6.545,22.69,10742,19-10-2021,11009
20-10-2021,20,10,2021,26.9,29.64,24.8,27.22,100.93,6.63,3.58,5.105,19.28,10124,20-10-2021,10550
21-10-2021,21,10,2021,25.25,28.42,21.01,24.715,100.87,6.09,3.78,4.935,0.29,11278,21-10-2021,11874
22-10-2021,22,10,2021,24.51,28.9,20.56,24.73,101.04,3.78,0.76,2.27,6.22,9830,22-10-2021,10215
23-10-2021,23,10,2021,24.82,28.35,20.3,24.325,101.18,4.6,0.63,2.615,0.12,11088,23-10-2021,11457
24-10-2021,24,10,2021,25.93,29.44,21.62,25.53,101.2,2.52,0.18,1.35,0,11188,24-10-2021,
25-10-2021,25,10,2021,25.64,29.06,22.23,25.645,101.04,2.55,0.05,1.3,0.74,11219,25-10-2021,11615
26-10-2021,26,10,2021,25.54,29.34,22.15,25.745,101.01,2.73,0.27,1.5,1.67,11343,26-10-2021,11827
27-10-2021,27,10,2021,25.73,28.99,21.71,25.35,101.11,2.81,0.21,1.51,0.69,11315,27-10-2021,11784
28-10-2021,28,10,2021,25.83,29.23,22.51,25.87,101.15,4.1,1.09,2.595,0.02,11374,28-10-2021,11926
29-10-2021,29,10,2021,25.15,29.46,21.91,25.685,101.24,5.75,3.14,4.445,0,10337,29-10-2021,10780
30-10-2021,30,10,2021,24.31,28.48,20.62,24.55,101.24,5.77,3.26,4.515,0,11105,30-10-2021,11641
31-10-2021,31,10,2021,23.44,27.55,20.02,23.785,101.2,5.91,1.91,3.91,0,10382,31-10-2021,10779
01-11-2021,1,11,2021,22.71,26.88,19.02,22.95,101.29,2.78,0.91,1.845,0,9937,01-11-2021,10331
02-11-2021,2,11,2021,22.4,26.48,17.3,21.89,101.33,3.41,1.05,2.23,0,9813,02-11-2021,10274
03-11-2021,3,11,2021,22.89,27.4,18.57,22.985,101.23,3.26,1.39,2.325,0,9907,03-11-2021,10389
04-11-2021,4,11,2021,23.05,27.93,18.88,23.405,101.19,3.39,0.77,2.08,0,9581,04-11-2021,10114
05-11-2021,5,11,2021,21.83,26.42,17.59,22.005,101.11,3.26,1.66,2.46,0,8374,05-11-2021,8681
06-11-2021,6,11,2021,22.15,27.05,17.13,22.09,100.94,3.3,1.72,2.51,0,9224,06-11-2021,9659
07-11-2021,7,11,2021,21.49,26.45,16.73,21.59,101,4.02,1.79,2.905,0,9373,07-11-2021,9785
08-11-2021,8,11,2021,21.2,26.31,16.01,21.16,101.06,4.36,1.73,3.045,0,9425,08-11-2021,9853
09-11-2021,9,11,2021,21.48,26.28,16.81,21.545,101.13,3.05,0.77,1.91,0,10040,09-11-2021,10228
10-11-2021,10,11,2021,21.83,26.47,17.58,22.025,101.12,2.26,0.2,1.23,0,9874,10-11-2021,10254
11-11-2021,11,11,2021,22.75,26.49,18.7,22.595,101.08,2.23,0.2,1.215,0,10021,11-11-2021,10067
12-11-2021,12,11,2021,23.2,27.28,18.8,23.04,101.13,2.57,1.52,2.045,0,8633,12-11-2021,8907
13-11-2021,13,11,2021,23,26.05,20.55,23.3,101.15,3.07,0.37,1.72,1.83,8792,13-11-2021,9174
14-11-2021,14,11,2021,23.21,26.61,20.8,23.705,101.04,4.02,0.9,2.46,9,8966,14-11-2021,9240
15-11-2021,15,11,2021,22.04,24.43,19.98,22.205,100.94,5.18,0.77,2.975,6.6,9399,15-11-2021,9519
16-11-2021,16,11,2021,22.08,25.78,18.8,22.29,101.03,4.98,1.69,3.335,2.07,8532,16-11-2021,9504
17-11-2021,17,11,2021,20.98,26.81,16.91,21.86,101.26,5.65,2.41,4.03,0.15,9262,17-11-2021,9614
18-11-2021,18,11,2021,20.86,27.15,15.43,21.29,101.07,4.97,0.69,2.83,0,9401,18-11-2021,9747
19-11-2021,19,11,2021,21.78,26.4,16.82,21.61,100.92,2.88,0.23,1.555,0,8046,19-11-2021,8271
20-11-2021,20,11,2021,22.51,26.76,18.02,22.39,100.93,2.23,0.61,1.42,0,9439,20-11-2021,9598
21-11-2021,21,11,2021,22.81,26.44,18.92,22.68,101.02,2.98,1.07,2.025,0,9255,21-11-2021,9464
22-11-2021,22,11,2021,23.07,27.74,18.93,23.335,100.99,3.69,0.54,2.115,0,9681,22-11-2021,9734
23-11-2021,23,11,2021,22.52,27.31,18.62,22.965,101.04,4.84,0.81,2.825,0,9849,23-11-2021,10026
24-11-2021,24,11,2021,20.42,25.9,16.66,21.28,101.23,5.55,1.68,3.615,0,9356,24-11-2021,9668
25-11-2021,25,11,2021,19.61,25.96,14.98,20.47,101.24,4.05,1.49,2.77,0,9209,25-11-2021,9664
26-11-2021,26,11,2021,19.34,25.07,13.82,19.445,101.32,4.65,1.62,3.135,0,7930,26-11-2021,8261
27-11-2021,27,11,2021,19.55,25.94,13.75,19.845,101.37,3.37,0.8,2.085,0,8971,27-11-2021,9338
28-11-2021,28,11,2021,19.51,25.24,14.51,19.875,101.43,3.38,1.31,2.345,0,8861,28-11-2021,9173
29-11-2021,29,11,2021,19.01,24.79,13.74,19.265,101.41,4.16,1.63,2.895,0,9239,29-11-2021,9456
30-11-2021,30,11,2021,19.71,25.9,13.85,19.875,101.36,4.16,0.69,2.425,0,9106,30-11-2021,9396
01-12-2021,1,12,2021,21.01,26.97,15.05,21.01,101.34,3.31,1.06,2.185,0,9099,01-12-2021,9537
02-12-2021,2,12,2021,21.02,27.36,15.17,21.265,101.31,4.23,0.7,2.465,0,9175,02-12-2021,9588
03-12-2021,3,12,2021,21.41,26.99,15.41,21.2,101.44,4.12,0.75,2.435,0.03,7953,03-12-2021,8300
04-12-2021,4,12,2021,21.76,26.15,17.71,21.93,101.39,4.72,0.58,2.65,1.38,9006,04-12-2021,
05-12-2021,5,12,2021,21.12,23.58,19.1,21.34,101.4,5.19,1.76,3.475,7.89,8791,05-12-2021,9231
06-12-2021,6,12,2021,21.57,23.48,20.27,21.875,101.07,7.5,4.1,5.8,74.32,8178,06-12-2021,8671
07-12-2021,7,12,2021,21.73,25.82,18.64,22.23,101.21,6.43,2.21,4.32,7.85,8929,07-12-2021,9321
08-12-2021,8,12,2021,20.78,25.56,16.72,21.14,101.48,3.98,2.53,3.255,1.03,9056,08-12-2021,9460
09-12-2021,9,12,2021,21.06,26.47,15.9,21.185,101.6,4.97,2.22,3.595,0.71,9277,09-12-2021,9444
10-12-2021,10,12,2021,20.19,24.04,17.51,20.775,101.57,5.68,2.3,3.99,0.65,7964,10-12-2021,8214
11-12-2021,11,12,2021,18.78,24.35,14.63,19.49,101.62,6.27,1.81,4.04,2.34,8674,11-12-2021,9326
12-12-2021,12,12,2021,16.89,22.69,12.65,17.67,101.72,6.77,2.69,4.73,0,8708,12-12-2021,9246
13-12-2021,13,12,2021,16.96,22.86,11.34,17.1,101.57,5.21,1.88,3.545,0,8816,13-12-2021,9313
14-12-2021,14,12,2021,17.23,23.18,12.03,17.605,101.45,4.96,1.81,3.385,0,8896,14-12-2021,9221
15-12-2021,15,12,2021,16.9,22.36,12.11,17.235,101.43,5.52,1.5,3.51,0,8783,15-12-2021,9137
16-12-2021,16,12,2021,16.8,22.41,12.43,17.42,101.49,4.61,1.88,3.245,0,7430,16-12-2021,7802
17-12-2021,17,12,2021,17.26,23.51,11.26,17.385,101.47,5.5,1.55,3.525,0,7721,17-12-2021,7955
18-12-2021,18,12,2021,17.48,24.23,11.7,17.965,101.4,5.52,1.13,3.325,0,8746,18-12-2021,9047
19-12-2021,19,12,2021,15.65,21.5,11.53,16.515,101.51,7.1,3.53,5.315,0,8712,19-12-2021,9061
20-12-2021,20,12,2021,13.85,21.26,7.56,14.41,101.54,7.09,0.7,3.895,0,8790,20-12-2021,9082
21-12-2021,21,12,2021,16.12,22.26,9.55,15.905,101.4,5.94,0.63,3.285,0,8979,21-12-2021,9336
22-12-2021,22,12,2021,17.48,22.35,13.41,17.88,101.23,3.77,0.75,2.26,0.01,8889,22-12-2021,9312
23-12-2021,23,12,2021,18.17,23.78,13.82,18.8,101.26,3.73,0.4,2.065,0,8855,23-12-2021,
24-12-2021,24,12,2021,17.6,23.36,12.01,17.685,101.33,4.27,0.17,2.22,0,7806,24-12-2021,9245
25-12-2021,25,12,2021,18.61,23.69,13.35,18.52,101.4,4.12,0.05,2.085,0,8604,25-12-2021,8993
26-12-2021,26,12,2021,18.44,23.83,12.77,18.3,101.6,3.9,0.45,2.175,0,8752,26-12-2021,9149
27-12-2021,27,12,2021,18.3,23.12,13.85,18.485,101.69,2.48,1.06,1.77,0,8994,27-12-2021,9446
28-12-2021,28,12,2021,18.3,22.93,13.36,18.145,101.65,3.45,1.15,2.3,0,9004,28-12-2021,9368
29-12-2021,29,12,2021,17.58,22.74,13.26,18,101.67,6.55,0.62,3.585,0,9048,29-12-2021,9347
30-12-2021,30,12,2021,17.77,24.09,13.28,18.685,101.83,5.84,1.67,3.755,0,9018,30-12-2021,9302
31-12-2021,31,12,2021,17.2,23.47,12.38,17.925,101.86,6.12,3.24,4.68,0,7922,31-12-2021,8193
01-01-2022,1,1,2022,17.04,23.27,13.06,18.165,101.79,6.91,3.03,4.97,0,8654,01-01-2022,8985
02-01-2022,2,1,2022,16.65,22.53,11.58,17.055,101.63,6.52,2.73,4.625,0,8709,02-01-2022,9156
03-01-2022,3,1,2022,16.97,22.7,12.19,17.445,101.51,6.72,2.12,4.42,0,8709,03-01-2022,
04-01-2022,4,1,2022,16.27,22.62,10.96,16.79,101.6,5.48,1.59,3.535,0,8991,04-01-2022,9366
05-01-2022,5,1,2022,16.43,22.65,10.2,16.425,101.52,5.98,2.06,4.02,0,8800,05-01-2022,9239
06-01-2022,6,1,2022,17.41,23.9,11.48,17.69,101.46,4.66,0.36,2.51,0,8931,06-01-2022,9338
07-01-2022,7,1,2022,18.05,24.1,12.63,18.365,101.53,5.46,2.04,3.75,0,8001,07-01-2022,8218
08-01-2022,8,1,2022,18.37,24.64,12.87,18.755,101.51,6.05,2.35,4.2,0,9319,08-01-2022,9513
09-01-2022,9,1,2022,19.32,24.78,13.95,19.365,101.32,3.09,1.02,2.055,0,9407,09-01-2022,9537
10-01-2022,10,1,2022,19.98,25.28,14.95,20.115,101.36,2.87,1.66,2.265,0,9589,10-01-2022,9612
11-01-2022,11,1,2022,19.9,25.32,15,20.16,101.37,7.03,1.2,4.115,0.52,9553,11-01-2022,9726
12-01-2022,12,1,2022,19.39,23.62,15.94,19.78,101.34,6.61,0.45,3.53,5.68,9416,12-01-2022,9583
13-01-2022,13,1,2022,18.41,22.55,14.74,18.645,101.47,4.89,1.16,3.025,7.79,9579,13-01-2022,9643
14-01-2022,14,1,2022,17.05,21.33,12.58,16.955,101.53,5.7,2.62,4.16,0.74,8040,14-01-2022,8349
15-01-2022,15,1,2022,17.19,23.17,13.01,18.09,101.45,7.08,3.19,5.135,0.13,9489,15-01-2022,9604
16-01-2022,16,1,2022,16.12,22.39,11.2,16.795,101.65,7.32,4.01,5.665,0.04,9530,16-01-2022,9676
17-01-2022,17,1,2022,16.23,23.52,9.9,16.71,101.7,7.27,0.93,4.1,0,9631,17-01-2022,9771
18-01-2022,18,1,2022,16.59,23.25,11.4,17.325,101.46,6.9,0.2,3.55,0,9542,18-01-2022,9829
19-01-2022,19,1,2022,17.66,23.37,13.52,18.445,101.24,5.65,1.45,3.55,0,9640,19-01-2022,9853
20-01-2022,20,1,2022,16.5,22.07,12.69,17.38,101.02,4.65,2.29,3.47,0,9562,20-01-2022,9783
21-01-2022,21,1,2022,17.42,22.79,12.15,17.47,101.07,3.08,0.62,1.85,0,8497,21-01-2022,8615
22-01-2022,22,1,2022,18.05,23.2,12.08,17.64,101,3.36,0.45,1.905,0.06,9530,22-01-2022,9673
23-01-2022,23,1,2022,18.2,24.37,12.86,18.615,101,6.56,0.24,3.4,0.68,9512,23-01-2022,9735
24-01-2022,24,1,2022,17.64,22.15,14.65,18.4,101.04,4.59,0.91,2.75,5.81,9675,24-01-2022,9894
25-01-2022,25,1,2022,18.51,22.73,15.02,18.875,101.06,3.02,0.66,1.84,1.22,9770,25-01-2022,10021
26-01-2022,26,1,2022,18.31,23.05,14.51,18.78,101.16,4.24,0.63,2.435,1.45,9490,26-01-2022,9699
27-01-2022,27,1,2022,16.68,21.72,12.34,17.03,101.25,4.94,2.56,3.75,1.97,9746,27-01-2022,9959
28-01-2022,28,1,2022,14.4,20.41,9.51,14.96,101.45,5.77,2.79,4.28,0.85,8408,28-01-2022,8683
29-01-2022,29,1,2022,14.1,20.09,8.81,14.45,101.43,4.8,2.2,3.5,0,9700,29-01-2022,9869
30-01-2022,30,1,2022,14.97,21.37,8.4,14.885,101.17,5.59,1.87,3.73,0,9627,30-01-2022,9867
31-01-2022,31,1,2022,16.44,22.24,10.74,16.49,101.12,4.98,1.31,3.145,0,,31-01-2022,9801
01-02-2022,1,2,2022,17.01,23.3,10.52,16.91,100.93,6.34,1.63,3.985,0.02,9648,01-02-2022,9775
02-02-2022,2,2,2022,17.66,24.08,12.3,18.19,101.15,4.04,0.3,2.17,0.04,9830,02-02-2022,10011
03-02-2022,3,2,2022,17.94,24.94,11.65,18.295,101.18,6.95,2.77,4.86,0.03,9662,03-02-2022,9784
04-02-2022,4,2,2022,18.53,23.47,14.07,18.77,100.96,8.91,3.21,6.06,20.08,7277,04-02-2022,7350
05-02-2022,5,2,2022,16.69,22.03,12.05,17.04,101.05,8.27,4.23,6.25,4.95,9031,05-02-2022,9073
06-02-2022,6,2,2022,15.31,21.33,10.67,16,101.49,3.87,1.03,2.45,13.63,9390,06-02-2022,9448
07-02-2022,7,2,2022,15.42,21.3,9.65,15.475,101.48,3.8,1.87,2.835,0.01,9524,07-02-2022,9478
08-02-2022,8,2,2022,17.45,22.69,11.8,17.245,101.35,3.18,0.38,1.78,0,9292,08-02-2022,9671
09-02-2022,9,2,2022,18.31,24.11,11.59,17.85,101.43,2.88,0.31,1.595,0,9327,09-02-2022,9748
10-02-2022,10,2,2022,18.04,22.65,12.48,17.565,101.29,4.63,0.46,2.545,1.29,9061,10-02-2022,9596
11-02-2022,11,2,2022,18.26,23.9,13.37,18.635,101.27,4.71,1.08,2.895,0.72,8152,11-02-2022,8555
12-02-2022,12,2,2022,16.99,23.05,12.6,17.825,101.29,4.21,0.81,2.51,0.08,9235,12-02-2022,9667
13-02-2022,13,2,2022,16.85,24.13,9.91,17.02,101.16,5.66,2.19,3.925,0,9231,13-02-2022,9873
14-02-2022,14,2,2022,17.37,24.53,10.71,17.62,101.13,5.01,1.78,3.395,0,9442,14-02-2022,10004
15-02-2022,15,2,2022,18.44,25.15,12.4,18.775,101.07,3.72,1.3,2.51,0,9429,15-02-2022,9913
16-02-2022,16,2,2022,18.98,24.86,14.21,19.535,100.88,3.45,0.91,2.18,0,9497,16-02-2022,9951
17-02-2022,17,2,2022,19.31,25.59,12.62,19.105,100.89,4.2,0.44,2.32,0,9633,17-02-2022,10099
18-02-2022,18,2,2022,19.31,25.48,12.46,18.97,101.06,4.03,0.62,2.325,0,8355,18-02-2022,8785
19-02-2022,19,2,2022,18.74,26.05,12.56,19.305,101.09,6.19,1.59,3.89,0,9407,19-02-2022,10000
20-02-2022,20,2,2022,18.65,26.21,12.9,19.555,100.77,5.94,1.34,3.64,2.6,9006,20-02-2022,9542
21-02-2022,21,2,2022,19.3,25.86,12.89,19.375,100.84,5.53,1.05,3.29,1.99,8169,21-02-2022,8561
22-02-2022,22,2,2022,20.13,26.53,13.37,19.95,101.3,4.16,0.46,2.31,0.84,9604,22-02-2022,
23-02-2022,23,2,2022,21.55,27.32,15.26,21.29,101.51,4.7,1.06,2.88,0.2,9831,23-02-2022,10262
24-02-2022,24,2,2022,22.15,28.84,15.45,22.145,101.46,4.45,0.88,2.665,0.15,9810,24-02-2022,10225
25-02-2022,25,2,2022,22.73,28.21,17.66,22.935,101.44,4,0.93,2.465,2.51,8499,25-02-2022,8937
26-02-2022,26,2,2022,22.59,28.87,17.05,22.96,101.5,4.1,0.94,2.52,1.75,9985,26-02-2022,10361
27-02-2022,27,2,2022,23.19,28.98,17.01,22.995,101.4,3.29,0.37,1.83,0.26,9617,27-02-2022,9939
28-02-2022,28,2,2022,23.29,29.57,17.16,23.365,101.26,5.88,1.39,3.635,1.66,10337,28-02-2022,10737
01-03-2022,1,3,2022,22.92,29.48,16.5,22.99,101.39,4.84,0.58,2.71,0.69,10087,01-03-2022,10490
02-03-2022,2,3,2022,22.91,29.31,16.29,22.8,101.35,4.08,0.95,2.515,0,10300,02-03-2022,10667
03-03-2022,3,3,2022,23.64,29.94,17.33,23.635,101.3,4.78,0.32,2.55,0,10405,03-03-2022,10844
04-03-2022,4,3,2022,23.15,29.98,16.73,23.355,101.19,5.31,0.8,3.055,0,9181,04-03-2022,9443
05-03-2022,5,3,2022,23.46,30.85,15.46,23.155,101.06,5.71,0.2,2.955,0,10418,05-03-2022,10895
06-03-2022,6,3,2022,24.19,31.38,18.62,25,101.08,5.87,0.33,3.1,0,10565,06-03-2022,11024
07-03-2022,7,3,2022,23.84,32.46,16.19,24.325,101.05,6.39,1.44,3.915,0,10963,07-03-2022,11424
08-03-2022,8,3,2022,24.48,32.41,17.3,24.855,100.91,5.58,2.78,4.18,0,11354,08-03-2022,
09-03-2022,9,3,2022,25.07,33.16,18.19,25.675,100.91,4.24,1.91,3.075,0,11229,09-03-2022,11895
10-03-2022,10,3,2022,25.09,33.16,18.62,25.89,100.89,3.84,0.45,2.145,0,11148,10-03-2022,11722
11-03-2022,11,3,2022,24.98,32.64,17.14,24.89,100.85,4.05,1.52,2.785,0,9891,11-03-2022,10372
12-03-2022,12,3,2022,25.8,33.12,20.12,26.62,100.78,4.5,0.54,2.52,0,11158,12-03-2022,
13-03-2022,13,3,2022,25.49,33.31,18.72,26.015,100.84,4.6,2.57,3.585,0,11059,13-03-2022,11621
14-03-2022,14,3,2022,26.1,33.98,18.34,26.16,100.77,4.6,2.8,3.7,0,11286,14-03-2022,11899
15-03-2022,15,3,2022,27.11,35.08,18.9,26.99,100.54,4.72,1.6,3.16,0,11493,15-03-2022,12170
16-03-2022,16,3,2022,26.66,35.23,18.04,26.635,100.46,5.86,2.02,3.94,0,12127,16-03-2022,12631
17-03-2022,17,3,2022,27.81,35.77,18.98,27.375,100.62,5.98,0.98,3.48,0,12100,17-03-2022,12597
18-03-2022,18,3,2022,27.89,36.57,19.29,27.93,100.63,6.34,2.01,4.175,0,11079,18-03-2022,11521
19-03-2022,19,3,2022,27.65,36.62,19.56,28.09,100.45,7.17,2.73,4.95,0,11572,19-03-2022,12075
20-03-2022,20,3,2022,26.73,35.55,19.39,27.47,100.39,8.52,3.06,5.79,0,12507,20-03-2022,13038
21-03-2022,21,3,2022,26.75,35.91,18.33,27.12,100.53,8.51,2.45,5.48,0,12453,21-03-2022,
22-03-2022,22,3,2022,28.55,36.4,21.58,28.99,100.54,7.36,2.6,4.98,0,12576,22-03-2022,13096
23-03-2022,23,3,2022,29.33,37.3,22.46,29.88,100.5,7.84,0.91,4.375,0,12860,23-03-2022,13412
24-03-2022,24,3,2022,28.71,37.18,21.9,29.54,100.39,8.34,5.38,6.86,0,12877,24-03-2022,13284
25-03-2022,25,3,2022,28.92,36.46,22.69,29.575,100.44,9.46,6.59,8.025,0.09,12067,25-03-2022,12418
26-03-2022,26,3,2022,29.66,37.26,24.1,30.68,100.56,8.08,2.96,5.52,0.38,12214,26-03-2022,12593
27-03-2022,27,3,2022,29.24,36.33,22.9,29.615,100.8,7.7,2.3,5,0.26,12760,27-03-2022,13108
28-03-2022,28,3,2022,29.06,35.68,23.57,29.625,100.71,8.33,1.11,4.72,1.78,12888,28-03-2022,13347
29-03-2022,29,3,2022,28.77,35.36,23.66,29.51,100.56,8.86,3.01,5.935,3.44,12357,29-03-2022,12769
30-03-2022,30,3,2022,29.14,35.48,23.88,29.68,100.63,8.32,2.82,5.57,1.78,12715,30-03-2022,13283
31-03-2022,31,3,2022,30.3,37.1,24.44,30.77,100.62,8.5,5.04,6.77,0.2,13240,31-03-2022,13662
01-04-2022,1,4,2022,30.66,37.41,24.49,30.95,100.61,7.87,4,5.935,0.36,12093,01-04-2022,12585
02-04-2022,2,4,2022,30.12,36.4,24.94,30.67,100.83,7.34,3.05,5.195,0.42,13206,02-04-2022,13718
03-04-2022,3,4,2022,29.87,36.29,24.23,30.26,100.77,10.28,3.42,6.85,0.31,13260,03-04-2022,13130
04-04-2022,4,4,2022,30.21,38.02,24.43,31.225,100.74,9.8,6.34,8.07,0.89,13215,04-04-2022,13012
05-04-2022,5,4,2022,29.8,37.72,23.35,30.535,100.95,9.34,4.83,7.085,1.85,13438,05-04-2022,13406
06-04-2022,6,4,2022,29.9,37.49,22.85,30.17,100.97,7.84,2.75,5.295,0.86,13417,06-04-2022,13635
07-04-2022,7,4,2022,31.16,38.51,24.05,31.28,100.89,6.52,0.77,3.645,0,13356,07-04-2022,14001
08-04-2022,8,4,2022,31.11,38.66,23.42,31.04,100.68,8.12,3.12,5.62,0,13011,08-04-2022,13442
09-04-2022,9,4,2022,31.15,38.87,23.48,31.175,100.56,7.44,1.37,4.405,0.04,13313,09-04-2022,13906
10-04-2022,10,4,2022,31.62,39.27,23.97,31.62,100.48,8.73,3.38,6.055,0.52,12466,10-04-2022,12853
11-04-2022,11,4,2022,31.93,39.04,25.39,32.215,100.35,7.59,1.8,4.695,1.09,13473,11-04-2022,13832
12-04-2022,12,4,2022,31.72,38.23,25.73,31.98,100.4,6.81,0.45,3.63,1.89,13924,12-04-2022,14423
13-04-2022,13,4,2022,32.05,39.53,25.37,32.45,100.25,8.55,4.92,6.735,2.89,13677,13-04-2022,14178
14-04-2022,14,4,2022,32.24,40.25,25.8,33.025,100.08,9.23,4.31,6.77,0.43,12808,14-04-2022,13465
15-04-2022,15,4,2022,32.86,41.68,26.24,33.96,100.04,8.76,4.16,6.46,0.27,13426,15-04-2022,13860
16-04-2022,16,4,2022,32.12,38.98,25.48,32.23,100.13,10.26,3.3,6.78,0.5,14178,16-04-2022,14782
17-04-2022,17,4,2022,32.76,39.56,26.24,32.9,100.23,9.38,5.68,7.53,0.19,13871,17-04-2022,14387
18-04-2022,18,4,2022,32.7,39.96,25.59,32.775,100.46,7.74,2.57,5.155,0.25,13991,18-04-2022,14470
19-04-2022,19,4,2022,32.56,39.73,26.37,33.05,100.57,9.07,3.77,6.42,4.86,13826,19-04-2022,14339
20-04-2022,20,4,2022,29.22,34.83,25.31,30.07,100.63,6.6,4.16,5.38,14.97,9807,20-04-2022,10043
21-04-2022,21,4,2022,28.79,33.99,23.8,28.895,100.65,7.05,1.07,4.06,5.81,12554,21-04-2022,12986
22-04-2022,22,4,2022,30.6,36.68,25.48,31.08,100.58,7.02,1.75,4.385,4.76,8905,22-04-2022,9317
23-04-2022,23,4,2022,30.12,37.15,25.41,31.28,100.47,8.33,3.05,5.69,22.79,13281,23-04-2022,13696
24-04-2022,24,4,2022,30.74,38.73,24.17,31.45,100.27,8.57,2.98,5.775,13.89,13467,24-04-2022,13975
25-04-2022,25,4,2022,31.81,39.78,24.5,32.14,100.25,8.85,3.3,6.075,0.05,14293,25-04-2022,14714
26-04-2022,26,4,2022,32.33,39.88,25.38,32.63,100.3,7.48,1.69,4.585,1.31,14206,26-04-2022,14716
27-04-2022,27,4,2022,31.92,39.32,25.9,32.61,100.31,7.93,1.73,4.83,5.81,14237,27-04-2022,14635
28-04-2022,28,4,2022,32.07,39.38,25.87,32.625,100.43,7.06,1.16,4.11,1.24,14123,28-04-2022,14544
29-04-2022,29,4,2022,32.65,39.78,25.92,32.85,100.35,7.45,0.66,4.055,2.37,12590,29-04-2022,13079
30-04-2022,30,4,2022,31.76,38.68,26.44,32.56,100.34,8.47,3.52,5.995,3.16,11271,30-04-2022,11464
01-05-2022,1,5,2022,31.85,38.56,25.34,31.95,100.28,6.17,0.8,3.485,0.3,11741,01-05-2022,11978
02-05-2022,2,5,2022,31.52,38.3,25.98,32.14,100.31,8.17,1.59,4.88,1.58,10347,02-05-2022,10798
03-05-2022,3,5,2022,29.23,33.99,25.3,29.645,100.49,7.24,3.08,5.16,22.9,7528,03-05-2022,7880
04-05-2022,4,5,2022,28.51,33.36,23.9,28.63,100.65,6.32,0.88,3.6,8.96,9241,04-05-2022,9610
05-05-2022,5,5,2022,29.4,34.12,25.61,29.865,100.52,5.98,0.48,3.23,7.19,10156,05-05-2022,10543
06-05-2022,6,5,2022,28.99,33.01,24.65,28.83,100.49,6.17,0.64,3.405,30.53,10067,06-05-2022,10543
07-05-2022,7,5,2022,29.99,34.37,25.33,29.85,100.45,2.64,0.82,1.73,8.02,11452,07-05-2022,11937
08-05-2022,8,5,2022,30.37,35.41,24.87,30.14,100.38,6.35,2.12,4.235,1.61,12344,08-05-2022,12734
09-05-2022,9,5,2022,28.97,34.11,25.23,29.67,100.48,7.02,3.73,5.375,6.47,11397,09-05-2022,11820
10-05-2022,10,5,2022,27.89,31.65,24.94,28.295,100.49,5.88,3.49,4.685,20.53,11196,10-05-2022,11472
11-05-2022,11,5,2022,28.51,32.55,25.26,28.905,100.34,6.84,4.67,5.755,29.1,11280,11-05-2022,11566
12-05-2022,12,5,2022,29.31,33.66,26,29.83,100.23,8.39,5.17,6.78,9.78,12226,12-05-2022,12736
13-05-2022,13,5,2022,29.24,33.51,26.08,29.795,99.95,9.65,5.74,7.695,21.45,10627,13-05-2022,10889
14-05-2022,14,5,2022,29.98,35.76,26.15,30.955,99.98,9.38,5.91,7.645,10.26,12925,14-05-2022,13297
15-05-2022,15,5,2022,29.94,34.37,26.87,30.62,100.24,8.66,6.52,7.59,3.8,13244,15-05-2022,13701
16-05-2022,16,5,2022,29.02,32.18,26.58,29.38,100.22,7.51,4.64,6.075,1.62,13371,16-05-2022,13954
17-05-2022,17,5,2022,29.16,32.85,26.58,29.715,100.14,8.7,6.47,7.585,9.48,12981,17-05-2022,13256
18-05-2022,18,5,2022,28.21,31.05,26.82,28.935,100.28,8.98,6.24,7.61,22.64,13336,18-05-2022,13760
19-05-2022,19,5,2022,29.69,34.86,26.44,30.65,100.26,8.46,5.79,7.125,14.37,12553,19-05-2022,12907
20-05-2022,20,5,2022,29.1,32.97,26.2,29.585,100.11,8.23,5.23,6.73,26.35,11586,20-05-2022,11749
21-05-2022,21,5,2022,28.46,31.48,25.74,28.61,99.79,7.07,3.37,5.22,57.37,10894,21-05-2022,10998
22-05-2022,22,5,2022,28.53,32.16,24.89,28.525,99.76,7.24,0.77,4.005,11.38,13090,22-05-2022,13456
23-05-2022,23,5,2022,28.76,32.42,25.41,28.915,99.88,5.24,2.36,3.8,10.35,13356,23-05-2022,13810
24-05-2022,24,5,2022,29.5,33.15,24.96,29.055,100.2,4.34,0.34,2.34,4.72,13337,24-05-2022,13923
25-05-2022,25,5,2022,29.53,32.21,26.55,29.38,100.29,6.66,0.59,3.625,8.36,12599,25-05-2022,13024
26-05-2022,26,5,2022,29.11,32.65,25.48,29.065,100.18,6.67,1.09,3.88,16.23,12998,26-05-2022,13361
27-05-2022,27,5,2022,29.15,33.14,25.67,29.405,99.98,7.23,1.7,4.465,7.25,11552,27-05-2022,11869
28-05-2022,28,5,2022,29.23,33.5,25.51,29.505,99.93,6.7,0.34,3.52,6.55,12012,28-05-2022,12348
29-05-2022,29,5,2022,28.56,31.55,26.12,28.835,99.99,6.32,3.94,5.13,24.66,12820,29-05-2022,13303
30-05-2022,30,5,2022,27.98,30.8,25.78,28.29,100.01,5.67,2.44,4.055,13.08,13109,30-05-2022,13713
31-05-2022,31,5,2022,28.14,30.66,25.84,28.25,99.96,6.07,2.61,4.34,6.74,13195,31-05-2022,13655
01-06-2022,1,6,2022,28.12,30.33,26.21,28.27,99.99,5.88,3.7,4.79,8.09,13278,01-06-2022,13797
02-06-2022,2,6,2022,28.62,31.81,26.14,28.975,100.03,7.01,3.13,5.07,2.79,12826,02-06-2022,13474
03-06-2022,3,6,2022,28.53,31.35,26.46,28.905,100.01,6.79,3.81,5.3,4.48,12304,03-06-2022,12725
04-06-2022,4,6,2022,27.9,30.44,25.65,28.045,100.13,7.82,5.26,6.54,13.33,12639,04-06-2022,13036
05-06-2022,5,6,2022,28.37,31.61,25.69,28.65,100.17,7.13,4.49,5.81,4.28,13357,05-06-2022,13833
06-06-2022,6,6,2022,28.8,32.46,25.8,29.13,100.11,7,5.16,6.08,5.7,13432,06-06-2022,
07-06-2022,7,6,2022,29.09,32.64,26.12,29.38,100.02,7.96,5.01,6.485,18.9,13109,07-06-2022,13555
08-06-2022,8,6,2022,28.9,31.73,26.55,29.14,99.95,7.34,4.22,5.78,9.7,13450,08-06-2022,13985
09-06-2022,9,6,2022,28.47,30.59,26.73,28.66,99.94,7.16,5.3,6.23,34.62,11722,09-06-2022,12051
10-06-2022,10,6,2022,27.94,29.86,25.89,27.875,100.01,7.5,5.57,6.535,29.59,12290,10-06-2022,12700
11-06-2022,11,6,2022,28.34,31.9,25.24,28.57,100.02,7.85,5.23,6.54,0.55,13203,11-06-2022,13803
12-06-2022,12,6,2022,28.94,32.05,26.44,29.245,100.11,7.96,5.73,6.845,1.23,12907,12-06-2022,13492
13-06-2022,13,6,2022,29.41,32.79,26.78,29.785,100.17,8.68,6.39,7.535,2.42,12348,13-06-2022,12914
14-06-2022,14,6,2022,28.83,31.42,26.94,29.18,100.13,7.85,6.08,6.965,6.01,12535,14-06-2022,13200
15-06-2022,15,6,2022,28.19,30.08,26.87,28.475,100.16,8.6,5.81,7.205,3.83,12769,15-06-2022,13264
16-06-2022,16,6,2022,27.62,29.75,26.01,27.88,100.26,10.84,7.17,9.005,11.09,12508,16-06-2022,12989
17-06-2022,17,6,2022,27.44,29.33,26.04,27.685,100.29,9.38,7.12,8.25,36.1,9302,17-06-2022,9530
18-06-2022,18,6,2022,27.57,29.8,26.25,28.025,100.28,11.57,7.2,9.385,36.76,11568,18-06-2022,11850
19-06-2022,19,6,2022,27.05,28.58,25.87,27.225,100.19,9.31,5.86,7.585,13.41,11519,19-06-2022,12133
20-06-2022,20,6,2022,27.37,30,25.65,27.825,100,8.07,5.82,6.945,11.7,12002,20-06-2022,12439
21-06-2022,21,6,2022,27.49,29.94,25.28,27.61,99.91,6.05,4.7,5.375,10.91,12449,21-06-2022,13023
22-06-2022,22,6,2022,27.88,31.24,25.36,28.3,100.26,5.69,4.54,5.115,3.88,12563,22-06-2022,13082
23-06-2022,23,6,2022,28.23,31.89,25.05,28.47,100.32,7.27,4.05,5.66,11.53,12732,23-06-2022,13194
24-06-2022,24,6,2022,27.99,30.48,25.91,28.195,100.21,6.57,2.7,4.635,3.46,12164,24-06-2022,12570
25-06-2022,25,6,2022,28.24,31.51,25.37,28.44,100.08,7.31,4.31,5.81,3.4,12873,25-06-2022,13319
26-06-2022,26,6,2022,28.33,31.3,26.14,28.72,100.26,6.97,4.66,5.815,4.81,13220,26-06-2022,13696
27-06-2022,27,6,2022,28.73,32.18,25.72,28.95,100.34,7,3.23,5.115,1.4,12951,27-06-2022,13523
28-06-2022,28,6,2022,27.91,30.76,26.14,28.45,100.23,6.53,4.04,5.285,3.22,12738,28-06-2022,13332
29-06-2022,29,6,2022,27.93,29.91,25.91,27.91,100.11,5.95,2.87,4.41,5.47,12857,29-06-2022,13485
30-06-2022,30,6,2022,27.91,29.87,26.18,28.025,100.06,5.55,2.82,4.185,12.65,12624,30-06-2022,13126
01-07-2022,1,7,2022,28.76,32.48,25.89,29.185,99.93,6.88,2.99,4.935,4,12642,01-07-2022,13119
02-07-2022,2,7,2022,28.39,31.38,26.3,28.84,99.83,6.58,3.41,4.995,4.87,12741,02-07-2022,13107
03-07-2022,3,7,2022,28.3,31.42,25.73,28.575,99.89,6.55,3.81,5.18,9.23,12948,03-07-2022,12115
04-07-2022,4,7,2022,28.69,32.15,26.11,29.13,99.86,7.07,3.2,5.135,7.69,13050,04-07-2022,12236
05-07-2022,5,7,2022,28.84,32.36,25.98,29.17,99.94,7,3.62,5.31,1.02,12978,05-07-2022,13228
06-07-2022,6,7,2022,27.88,29.76,26.35,28.055,100.26,6.62,4.7,5.66,14.23,13302,06-07-2022,13614
07-07-2022,7,7,2022,28.44,31.83,25.78,28.805,100.33,6.71,3.59,5.15,1.99,13031,07-07-2022,13619
08-07-2022,8,7,2022,28.34,31.36,26.01,28.685,100.15,6.64,3.97,5.305,1.8,12164,08-07-2022,12785
09-07-2022,9,7,2022,28.11,31.58,25.33,28.455,100.03,6.41,3.6,5.005,0.91,11273,09-07-2022,11760
10-07-2022,10,7,2022,28.62,32.39,25.37,28.88,99.94,7.96,4.68,6.32,1.56,11638,10-07-2022,12102
11-07-2022,11,7,2022,28.11,30.63,25.73,28.18,100.05,8.85,5.39,7.12,1.6,11248,11-07-2022,11800
12-07-2022,12,7,2022,28.71,32.35,25.83,29.09,99.92,8.62,5.06,6.84,0.88,11731,12-07-2022,12181
13-07-2022,13,7,2022,29.08,32.69,26.43,29.56,99.73,9.23,4.9,7.065,0.9,11826,13-07-2022,12068
14-07-2022,14,7,2022,28.94,32.83,26.49,29.66,99.79,8.75,4.81,6.78,0.93,12000,14-07-2022,12300
15-07-2022,15,7,2022,29.01,32.53,26.57,29.55,100.01,7.34,5.16,6.25,4.47,12241,15-07-2022,12626
16-07-2022,16,7,2022,29.13,33.01,26.23,29.62,100.1,8.36,5.17,6.765,1.77,13034,16-07-2022,13538
17-07-2022,17,7,2022,29.44,33.23,26.48,29.855,100.24,8.44,5.16,6.8,3.18,13142,17-07-2022,13765
18-07-2022,18,7,2022,28.96,32.73,25.84,29.285,100.21,6.94,4.27,5.605,0.9,13674,18-07-2022,13221
19-07-2022,19,7,2022,28.83,32.16,26.27,29.215,100.06,7.18,5.24,6.21,3.78,13485,19-07-2022,11739
20-07-2022,20,7,2022,28.76,32.09,26.33,29.21,100.05,5.92,4.3,5.11,6,13151,20-07-2022,12494
21-07-2022,21,7,2022,29.07,32.74,26.58,29.66,100.16,6.74,4.8,5.77,2.69,13277,21-07-2022,12239
22-07-2022,22,7,2022,29.23,32.69,26.8,29.745,100.23,6.47,5.39,5.93,1.79,12628,22-07-2022,12794
23-07-2022,23,7,2022,28.08,30.88,26.08,28.48,100.27,6.49,3.23,4.86,12.56,13328,23-07-2022,12131
24-07-2022,24,7,2022,27.27,28.97,26.01,27.49,100.36,9.12,3.68,6.4,6.42,11997,24-07-2022,11737
25-07-2022,25,7,2022,27.01,29.31,25.19,27.25,100.66,5.16,2.55,3.855,13.54,12843,25-07-2022,11689
26-07-2022,26,7,2022,27.96,31.51,24.68,28.095,100.71,3.45,2.09,2.77,4.43,13007,26-07-2022,12042
27-07-2022,27,7,2022,28.44,31.65,25.45,28.55,100.59,4.91,2.4,3.655,2.45,13328,27-07-2022,12572
28-07-2022,28,7,2022,27.73,30.44,25.8,28.12,100.6,5.51,3.21,4.36,8.51,13129,28-07-2022,12784
29-07-2022,29,7,2022,28.62,31.76,25.03,28.395,100.47,6.15,2.81,4.48,8.56,12718,29-07-2022,12961
30-07-2022,30,7,2022,29.26,32.91,26.26,29.585,100.28,6.05,2.97,4.51,3.78,13240,30-07-2022,12836
31-07-2022,31,7,2022,28.33,30.35,26.76,28.555,100.11,6.59,4.16,5.375,6.15,13335,31-07-2022,12620
01-08-2022,1,8,2022,28.93,31.5,26.49,28.995,100.1,5.62,2.2,3.91,27.36,12652,01-08-2022,12755
02-08-2022,2,8,2022,29.49,32.78,26.36,29.57,100.08,4.22,1.08,2.65,10.34,13088,02-08-2022,12392
03-08-2022,3,8,2022,28.15,29.92,26.27,28.095,100.26,5.18,1.94,3.56,5.76,13226,03-08-2022,12496
04-08-2022,4,8,2022,28.8,32.46,25.65,29.055,100.26,5.41,2.13,3.77,13.65,13062,04-08-2022,12499
05-08-2022,5,8,2022,29.33,32.62,26.74,29.68,100.05,5.64,2.3,3.97,6.56,12945,05-08-2022,12885
06-08-2022,6,8,2022,28.62,31.57,26.44,29.005,99.9,5.73,2.59,4.16,20.86,12990,06-08-2022,12132
07-08-2022,7,8,2022,29.41,32.86,26.08,29.47,99.81,5.56,2.91,4.235,11.45,13501,07-08-2022,13227
08-08-2022,8,8,2022,28.26,30.47,26.29,28.38,99.74,11.34,0.73,6.035,5.77,13374,08-08-2022,12970
09-08-2022,9,8,2022,28.33,31.67,25.67,28.67,99.81,11.02,5.93,8.475,4.14,12830,09-08-2022,12815
10-08-2022,10,8,2022,27.75,30.63,25.97,28.3,99.82,11.16,6.73,8.945,2.22,12941,10-08-2022,12397
11-08-2022,11,8,2022,27.95,30.84,25.83,28.335,99.98,11.91,3.86,7.885,3.09,12958,11-08-2022,12452
12-08-2022,12,8,2022,29.12,33.18,25.38,29.28,99.94,5.76,0.26,3.01,1.04,12671,12-08-2022,12739
13-08-2022,13,8,2022,28.26,31.66,26.1,28.88,99.84,9.92,4,6.96,5.11,12847,13-08-2022,12811
14-08-2022,14,8,2022,27.55,30.54,25.68,28.11,100.15,14.52,7.9,11.21,17.76,12332,14-08-2022,12482
15-08-2022,15,8,2022,28.26,32.18,25.9,29.04,100.49,8.07,5.2,6.635,13.52,12587,15-08-2022,13051
16-08-2022,16,8,2022,28.9,32.48,25.44,28.96,100.4,5.42,2.66,4.04,3.1,13385,16-08-2022,13526
17-08-2022,17,8,2022,29.8,33.13,25.83,29.48,100.15,5.12,1.2,3.16,1.01,13563,17-08-2022,13413
18-08-2022,18,8,2022,30.73,33.61,27.94,30.775,99.82,5.9,0.92,3.41,1.07,12886,18-08-2022,12946
19-08-2022,19,8,2022,28.79,32.09,25.55,28.82,99.92,9.92,5.48,7.7,16.2,12209,19-08-2022,12644
20-08-2022,20,8,2022,28.14,31.56,25.94,28.75,100.11,10.04,5.82,7.93,33.08,13236,20-08-2022,13432
21-08-2022,21,8,2022,28.4,31.8,25.58,28.69,100.09,6.05,4.45,5.25,25.06,13401,21-08-2022,13387
22-08-2022,22,8,2022,28.97,32.37,26.06,29.215,100.04,5.31,2.29,3.8,1.88,13828,22-08-2022,13371
23-08-2022,23,8,2022,28.27,31.27,25.75,28.51,100.25,6.99,2.43,4.71,35.17,13605,23-08-2022,13646
24-08-2022,24,8,2022,27.94,31.66,25.28,28.47,100.43,7.25,5.52,6.385,6.61,13557,24-08-2022,13472
25-08-2022,25,8,2022,28.3,32.26,24.74,28.5,100.33,5.15,2.51,3.83,3.14,,25-08-2022,13985
26-08-2022,26,8,2022,28.69,32.29,26.1,29.195,100.17,6.66,2.64,4.65,0.2,13702,26-08-2022,13777
27-08-2022,27,8,2022,27.81,30.1,25.58,27.84,100.16,7.28,4.53,5.905,1.74,13436,27-08-2022,13461
28-08-2022,28,8,2022,28.06,31.18,25.74,28.46,100.42,6.5,5.05,5.775,3.84,,28-08-2022,13537
29-08-2022,29,8,2022,28.57,32.24,25.54,28.89,100.65,6.57,3.02,4.795,5.62,13557,29-08-2022,13423
30-08-2022,30,8,2022,28.91,32.6,25.9,29.25,100.68,6.38,2.66,4.52,6.78,13962,30-08-2022,13338
31-08-2022,31,8,2022,28.76,32.38,25.48,28.93,100.49,6.75,2.49,4.62,1.64,13990,31-08-2022,13581
01-09-2022,1,9,2022,27.21,28.9,25.77,27.335,100.6,6.27,2.76,4.515,11.63,14026,01-09-2022,13712
02-09-2022,2,9,2022,28.07,30.94,25.74,28.34,100.6,6.49,3.98,5.235,8.51,12982,02-09-2022,13262
03-09-2022,3,9,2022,28.9,32.33,25.98,29.155,100.3,7.34,4.38,5.86,15.03,13262,03-09-2022,13584
04-09-2022,4,9,2022,28.67,31.38,26.79,29.085,100.29,7.18,4.95,6.065,20.17,13294,04-09-2022,13540
05-09-2022,5,9,2022,28.29,30.59,26.75,28.67,100.37,6.34,3.43,4.885,9.32,12999,05-09-2022,13417
06-09-2022,6,9,2022,28.01,30.33,26.41,28.37,100.5,4.44,1.11,2.775,29.18,13294,06-09-2022,12580
07-09-2022,7,9,2022,28.44,31.35,25.41,28.38,100.6,3.41,0.19,1.8,10.51,13779,07-09-2022,13631
08-09-2022,8,9,2022,29.8,33.41,26.19,29.8,100.63,2.95,0.42,1.685,3.04,13815,08-09-2022,13287
09-09-2022,9,9,2022,29,31.69,26.79,29.24,100.6,4.86,0.93,2.895,17.98,12602,09-09-2022,12912
10-09-2022,10,9,2022,27.48,29.44,26.23,27.835,100.56,6.57,4.56,5.565,7.98,13022,10-09-2022,13320
11-09-2022,11,9,2022,27.23,29.37,26.06,27.715,100.46,7.45,5.32,6.385,20,12734,11-09-2022,12987
12-09-2022,12,9,2022,26.98,28.14,25.95,27.045,100.39,8.06,5.23,6.645,21.5,11834,12-09-2022,12165
13-09-2022,13,9,2022,27.2,29.08,25.94,27.51,100.52,8.45,4.95,6.7,43.35,11494,13-09-2022,11790
14-09-2022,14,9,2022,27.08,29.19,25.42,27.305,100.67,6.01,3.6,4.805,36.49,11588,14-09-2022,11915
15-09-2022,15,9,2022,27.44,30.29,25.23,27.76,100.45,5.95,3.75,4.85,31.1,,15-09-2022,12683
16-09-2022,16,9,2022,27.58,30.23,25.24,27.735,100.17,5.53,2.1,3.815,16.38,12112,16-09-2022,12502
17-09-2022,17,9,2022,28.16,31.68,25.45,28.565,100.19,5.13,2.99,4.06,3.14,13189,17-09-2022,13431
18-09-2022,18,9,2022,28.81,32.08,25.89,28.985,100.25,5.7,1.38,3.54,1.96,13399,18-09-2022,13498
19-09-2022,19,9,2022,27.8,31,26.1,28.55,100.38,6.1,4.78,5.44,7.57,13437,19-09-2022,13543
20-09-2022,20,9,2022,27.84,31.04,25.92,28.48,100.39,8.93,5.83,7.38,3.97,13519,20-09-2022,13575
21-09-2022,21,9,2022,27.92,30.82,25.69,28.255,100.45,7.19,5.87,6.53,2.08,13350,21-09-2022,13421
22-09-2022,22,9,2022,27.87,30.81,25.43,28.12,100.48,5.98,4.09,5.035,2.1,13627,22-09-2022,13138
23-09-2022,23,9,2022,27.77,30.71,25.31,28.01,100.5,5.65,3.78,4.715,1.4,13029,23-09-2022,13332
24-09-2022,24,9,2022,27.35,29.9,25.43,27.665,100.45,5.76,2.7,4.23,0.9,13149,24-09-2022,12902
25-09-2022,25,9,2022,28.15,30.9,24.73,27.815,100.53,5.23,0.56,2.895,5.88,13148,25-09-2022,12911
26-09-2022,26,9,2022,28.04,31.24,25.51,28.375,100.55,5.2,0.93,3.065,2.94,13568,26-09-2022,12929
27-09-2022,27,9,2022,27.26,29.46,25.53,27.495,100.44,5.17,1.71,3.44,13.05,13635,27-09-2022,12847
28-09-2022,28,9,2022,27.46,30.26,25.14,27.7,100.39,3.17,0.58,1.875,3.8,13713,28-09-2022,12904
29-09-2022,29,9,2022,28.91,32.19,25.44,28.815,100.35,2.22,0.59,1.405,4.06,,29-09-2022,12983
30-09-2022,30,9,2022,29.05,33.18,24.89,29.035,100.29,5.27,1.51,3.39,0.67,13307,30-09-2022,13010
01-10-2022,1,10,2022,29.37,32.76,26.16,29.46,100.19,4.65,0.24,2.445,4.68,13513,01-10-2022,12773
02-10-2022,2,10,2022,27.32,28.95,26.26,27.605,100.17,5.3,1.57,3.435,19.88,12736,02-10-2022,12369
03-10-2022,3,10,2022,27.07,29.17,25.6,27.385,100.41,5.59,0.47,3.03,16.81,12156,03-10-2022,12087
04-10-2022,4,10,2022,27.55,30.28,25.59,27.935,100.75,6.09,2.5,4.295,12.39,12535,04-10-2022,8431
05-10-2022,5,10,2022,27.61,30.64,24.91,27.775,100.86,5.02,2.95,3.985,5.4,12532,05-10-2022,11790
06-10-2022,6,10,2022,27.55,30.97,24.91,27.94,100.9,4.48,3.2,3.84,1.75,12695,06-10-2022,11990
07-10-2022,7,10,2022,27.65,31.33,25.15,28.24,100.88,4.19,1.09,2.64,1.89,12698,07-10-2022,11904
08-10-2022,8,10,2022,27.5,30.68,24.44,27.56,100.89,5.34,0.8,3.07,2.03,13251,08-10-2022,12289
09-10-2022,9,10,2022,26.94,29.78,24.48,27.13,101.03,5.16,3.3,4.23,6.46,12828,09-10-2022,12383
10-10-2022,10,10,2022,26.88,29.72,24.71,27.215,101.05,5.74,3.17,4.455,10.24,13360,10-10-2022,
11-10-2022,11,10,2022,26.97,30.03,24.81,27.42,100.88,6.07,4.12,5.095,4.9,12490,11-10-2022,12388
12-10-2022,12,10,2022,26.48,28.83,24.93,26.88,100.91,5.82,2.7,4.26,10.87,12207,12-10-2022,12281
13-10-2022,13,10,2022,26.74,29.61,24.4,27.005,100.91,4.77,2.69,3.73,7.18,12415,13-10-2022,12747
14-10-2022,14,10,2022,27.1,30.24,24.3,27.27,100.86,3.64,1.71,2.675,7.69,11986,14-10-2022,12363
15-10-2022,15,10,2022,26.33,30.26,23.12,26.69,100.84,5.63,2.79,4.21,1.64,12665,15-10-2022,
16-10-2022,16,10,2022,25.91,30.97,21.85,26.41,101,5.55,1.86,3.705,0.71,12678,16-10-2022,12309
17-10-2022,17,10,2022,26.42,31.27,22.26,26.765,101,5.93,1.92,3.925,5.42,12948,17-10-2022,12385
18-10-2022,18,10,2022,26.93,30.98,22.99,26.985,100.94,4.27,0.62,2.445,0.09,13120,18-10-2022,12255
19-10-2022,19,10,2022,26.19,30.03,22.61,26.32,100.95,5.44,1.46,3.45,0.03,12529,19-10-2022,12314
20-10-2022,20,10,2022,26.1,30.8,22.62,26.71,101.06,6.24,3.36,4.8,0.04,12584,20-10-2022,12286
21-10-2022,21,10,2022,26.54,31.12,22.06,26.59,101.15,6.13,1.84,3.985,0,12075,21-10-2022,12276
22-10-2022,22,10,2022,26.68,31.58,22.27,26.925,101.14,4.62,2.14,3.38,0,12374,22-10-2022,12318
23-10-2022,23,10,2022,24.9,28.12,22.32,25.22,101.02,4.73,1.84,3.285,10.92,12476,23-10-2022,11939
24-10-2022,24,10,2022,23.01,23.86,21.42,22.64,100.47,11.75,5.28,8.515,172.43,5372,24-10-2022,5652
25-10-2022,25,10,2022,23.51,27.26,20.11,23.685,100.58,9.28,0.85,5.065,8.19,8850,25-10-2022,9032
26-10-2022,26,10,2022,24.42,28.21,20.19,24.2,101.18,4.95,0.35,2.65,11.35,10420,26-10-2022,10800
27-10-2022,27,10,2022,24.71,29.3,20.81,25.055,101.16,3.77,0.95,2.36,0,10632,27-10-2022,11028
28-10-2022,28,10,2022,23.52,28.33,18.75,23.54,101.09,3.7,1.84,2.77,0,9284,28-10-2022,10071
29-10-2022,29,10,2022,24.48,28.87,19.86,24.365,101.06,3.41,0.89,2.15,0.3,,29-10-2022,11060
30-10-2022,30,10,2022,24.44,29.6,19.37,24.485,101.05,3.66,0.19,1.925,1.27,10860,30-10-2022,11230
31-10-2022,31,10,2022,25.48,30.33,21.09,25.71,101.1,3.62,1.02,2.32,0.07,11328,31-10-2022,11431
01-11-2022,1,11,2022,25.65,30.56,21.38,25.97,101.14,5.95,1.02,3.485,0,11866,01-11-2022,11710
02-11-2022,2,11,2022,25.24,29.23,21.8,25.515,101,5.84,2.83,4.335,0,11716,02-11-2022,11816
03-11-2022,3,11,2022,24.12,28.02,20.33,24.175,101.02,4.89,1.54,3.215,0,10938,03-11-2022,11389
04-11-2022,4,11,2022,24.4,28.44,19.39,23.915,101.19,2.71,0.31,1.51,0,10018,04-11-2022,10312
05-11-2022,5,11,2022,25.46,29.41,21.15,25.28,101.34,1.85,0.2,1.025,0,10815,05-11-2022,11297
06-11-2022,6,11,2022,25.08,29.26,20.99,25.125,101.33,2.18,0.32,1.25,1.62,10821,06-11-2022,11166
07-11-2022,7,11,2022,24.4,28.77,20.34,24.555,101.28,2.51,0.6,1.555,0.01,10886,07-11-2022,11227
08-11-2022,8,11,2022,23.73,28.58,19.15,23.865,101.29,2.74,0.87,1.805,0,10639,08-11-2022,11169
09-11-2022,9,11,2022,23.08,27.56,18.8,23.18,101.33,3.58,1.44,2.51,0,10608,09-11-2022,11069
10-11-2022,10,11,2022,23.41,27.72,18.67,23.195,101.31,2.98,0.62,1.8,0,10505,10-11-2022,10950
11-11-2022,11,11,2022,23.4,28.08,18.46,23.27,101.28,2.92,1.27,2.095,0,9573,11-11-2022,9673
12-11-2022,12,11,2022,23.62,28.31,19.42,23.865,101.22,3.06,1.48,2.27,0,10141,12-11-2022,10514
13-11-2022,13,11,2022,21.53,26.39,17.2,21.795,101.25,4.45,2.6,3.525,0,10184,13-11-2022,10373
14-11-2022,14,11,2022,21.69,26.9,15.84,21.37,101.25,4.33,1.05,2.69,0.03,10257,14-11-2022,10531
15-11-2022,15,11,2022,22.53,27.3,17.5,22.4,101.18,2.48,0.83,1.655,0,10414,15-11-2022,10610
16-11-2022,16,11,2022,22.08,27.16,17.39,22.275,101.08,4.07,1.43,2.75,0,10234,16-11-2022,10559
17-11-2022,17,11,2022,21.9,27.4,16.55,21.975,101.08,4.17,2.24,3.205,0,10337,17-11-2022,10671
18-11-2022,18,11,2022,20.89,26.21,16.08,21.145,101.22,4.73,2.72,3.725,0,8752,18-11-2022,9115
19-11-2022,19,11,2022,21.43,27.45,15.4,21.425,101.18,4.66,1.9,3.28,0,9878,19-11-2022,10131
20-11-2022,20,11,2022,21.96,28.15,16.05,22.1,101.05,3.66,1.4,2.53,0.02,10202,20-11-2022,10549
21-11-2022,21,11,2022,20.46,26.4,15.65,21.025,101,5.65,2.98,4.315,0.96,10281,21-11-2022,10526
22-11-2022,22,11,2022,19.89,26.09,14.73,20.41,101.07,4.7,2.78,3.74,0,10170,22-11-2022,10512
23-11-2022,23,11,2022,19.9,25.88,15.05,20.465,101.1,4.84,3.33,4.085,0,9996,23-11-2022,10156
24-11-2022,24,11,2022,19.9,26.51,14.15,20.33,101.12,5.87,2.68,4.275,0,9739,24-11-2022,10107
25-11-2022,25,11,2022,21.48,27.94,15.07,21.505,101.17,5.31,1.03,3.17,0,8952,25-11-2022,9187
26-11-2022,26,11,2022,21.93,27.02,16.23,21.625,101.03,2.03,0.14,1.085,0,9993,26-11-2022,11259
27-11-2022,27,11,2022,21.52,26.43,15.96,21.195,100.88,2.49,0.63,1.56,0,9586,27-11-2022,10076
28-11-2022,28,11,2022,20.95,26.72,15.65,21.185,100.97,3.38,0.6,1.99,0,9722,28-11-2022,10070
29-11-2022,29,11,2022,21.56,27.97,16.08,22.025,101.1,3.77,0.64,2.205,0,9744,29-11-2022,10254
30-11-2022,30,11,2022,21.04,27.34,16.28,21.81,101.18,4.23,0.98,2.605,0,9867,30-11-2022,10296
01-12-2022,1,12,2022,20.33,27.1,14.72,20.91,101.14,5.83,3.8,4.815,0,10109,01-12-2022,10346
02-12-2022,2,12,2022,19.65,27.03,13.84,20.435,101.13,6,3.07,4.535,0,8842,02-12-2022,8976
03-12-2022,3,12,2022,19.15,26.55,13.3,19.925,101.17,6.38,1.81,4.095,0,9709,03-12-2022,10055
04-12-2022,4,12,2022,19.6,27.08,13.15,20.115,101.21,6.23,1.94,4.085,0,9657,04-12-2022,9888
05-12-2022,5,12,2022,20.23,27.53,14.41,20.97,101.28,6.56,2.45,4.505,0,9615,05-12-2022,9905
06-12-2022,6,12,2022,19.51,26.5,13.62,20.06,101.16,6.67,1.64,4.155,0,9657,06-12-2022,9981
07-12-2022,7,12,2022,19.23,26.59,13.37,19.98,101.16,6.54,0.87,3.705,0,9708,07-12-2022,10076
08-12-2022,8,12,2022,19.62,26.92,13.96,20.44,101.18,6.16,0.75,3.455,0,9649,08-12-2022,10035
09-12-2022,9,12,2022,19.62,26.5,13.8,20.15,101.14,5.86,0.62,3.24,0,8443,09-12-2022,8874
10-12-2022,10,12,2022,20.1,26.55,14.71,20.63,101.15,4.8,1.97,3.385,0,9363,10-12-2022,9822
11-12-2022,11,12,2022,19.76,27.11,13.91,20.51,101.2,4.95,2.88,3.915,0,9391,11-12-2022,9653
12-12-2022,12,12,2022,19.38,26.13,14.11,20.12,101.18,3.81,0.92,2.365,0,9506,12-12-2022,9747
13-12-2022,13,12,2022,20.2,26.06,15.35,20.705,101.19,3.16,0.51,1.835,0,9397,13-12-2022,9740
14-12-2022,14,12,2022,20.32,25.67,15.5,20.585,101.21,2.58,0.27,1.425,0,9487,14-12-2022,9994
15-12-2022,15,12,2022,18.77,25.44,13.87,19.655,101.12,4.35,0.58,2.465,0,9410,15-12-2022,9741
16-12-2022,16,12,2022,17.43,25.16,11.66,18.41,101.14,4.87,0.29,2.58,0,7634,16-12-2022,8108
17-12-2022,17,12,2022,18.18,25.39,11.84,18.615,101.23,5.48,0.3,2.89,0,8937,17-12-2022,9329
18-12-2022,18,12,2022,19.55,25.78,13.64,19.71,101.22,4.62,0.13,2.375,0,9084,18-12-2022,9577
19-12-2022,19,12,2022,19.68,26.12,14.64,20.38,101.08,3.71,0.36,2.035,0,9127,19-12-2022,9589
20-12-2022,20,12,2022,19.51,26.05,14.27,20.16,101.07,4.49,0.86,2.675,0,9224,20-12-2022,9633
21-12-2022,21,12,2022,18.95,25.6,13.51,19.555,101.13,4.99,1.23,3.11,0,9486,21-12-2022,9768
22-12-2022,22,12,2022,19.19,26.23,13.51,19.87,101.1,4.35,1.81,3.08,0,9394,22-12-2022,9764
23-12-2022,23,12,2022,19.06,26.34,12.92,19.63,101.16,4.8,1.09,2.945,0,8175,23-12-2022,8619
24-12-2022,24,12,2022,19.35,25.74,13.37,19.555,101.18,3.05,0.33,1.69,0,8986,24-12-2022,9382
25-12-2022,25,12,2022,20.33,26.17,15.3,20.735,101.29,4.63,0.32,2.475,0,9049,25-12-2022,9459
26-12-2022,26,12,2022,20.73,27.04,16.08,21.56,101.41,4.19,1.58,2.885,0.32,9331,26-12-2022,9664
27-12-2022,27,12,2022,20.96,25.82,17.79,21.805,101.33,4.97,0.24,2.605,1.93,9538,27-12-2022,9835
28-12-2022,28,12,2022,18.82,24.74,14.3,19.52,101.49,5.5,1.18,3.34,0.06,9475,28-12-2022,9684
29-12-2022,29,12,2022,16.51,23.8,10.88,17.34,101.68,4.85,2.02,3.435,0,9239,29-12-2022,9633
30-12-2022,30,12,2022,16.88,23.62,11.46,17.54,101.72,3.41,0.14,1.775,0,8313,30-12-2022,8671
31-12-2022,31,12,2022,17.65,23.79,11.95,17.87,101.68,2.55,0.3,1.425,0,9135,31-12-2022,9581
01-01-2023,1,1,2023,17.19,23.84,12.41,18.125,101.78,4.25,1.57,2.91,0,8875,01-01-2023,9239
02-01-2023,2,1,2023,17.3,24.13,11.62,17.875,101.78,4.7,1.47,3.085,0,9037,02-01-2023,9425
03-01-2023,3,1,2023,17.01,24.65,11.27,17.96,101.77,6.11,2.75,4.43,0,9334,03-01-2023,9706
04-01-2023,4,1,2023,16.12,23.74,10.4,17.07,101.75,6.45,3.9,5.175,0,9420,04-01-2023,9797
05-01-2023,5,1,2023,15.79,23.46,9.76,16.61,101.81,7.59,3.59,5.59,0.01,9399,05-01-2023,9839
06-01-2023,6,1,2023,16.07,24.73,9.38,17.055,101.78,7.76,3.64,5.7,0.03,8487,06-01-2023,8810
07-01-2023,7,1,2023,16.47,24.73,9.34,17.035,101.62,7.49,1.88,4.685,0,9269,07-01-2023,9795
08-01-2023,8,1,2023,17.09,26.12,10.05,18.085,101.53,6.27,0.93,3.6,0,9339,08-01-2023,9340
09-01-2023,9,1,2023,17.87,27.04,10.61,18.825,101.59,7.09,1.47,4.28,0,9444,09-01-2023,8939
10-01-2023,10,1,2023,18.04,26.93,11.37,19.15,101.46,7.16,2.91,5.035,0,9430,10-01-2023,9606
11-01-2023,11,1,2023,16.6,24.91,10.02,17.465,101.32,6.13,2.02,4.075,0,9373,11-01-2023,9767
12-01-2023,12,1,2023,16.28,23.48,9.44,16.46,101.17,5.05,1.66,3.355,0,9307,12-01-2023,9375
13-01-2023,13,1,2023,18.56,25.4,11.55,18.475,101.24,3.6,0.48,2.04,0,8508,13-01-2023,8929
14-01-2023,14,1,2023,19.44,26.64,12.73,19.685,101.16,4.78,0.06,2.42,0,9197,14-01-2023,9446
15-01-2023,15,1,2023,19.5,25.58,14.75,20.165,101.18,5.37,0.57,2.97,0,9230,15-01-2023,9122
16-01-2023,16,1,2023,17.98,23.87,13.06,18.465,101.35,3.66,1.88,2.77,0,9394,16-01-2023,8937
17-01-2023,17,1,2023,17,24,11.38,17.69,101.46,4.57,1.27,2.92,0,9605,17-01-2023,9472
18-01-2023,18,1,2023,16.53,23.1,11.27,17.185,101.63,4.67,1.09,2.88,0,9616,18-01-2023,9460
19-01-2023,19,1,2023,16.02,23.14,9.87,16.505,101.64,5.18,2.19,3.685,0,9568,19-01-2023,9554
20-01-2023,20,1,2023,16.52,23.8,10.26,17.03,101.55,3.57,1.88,2.725,0,8786,20-01-2023,9186
21-01-2023,21,1,2023,18.01,25.23,11.18,18.205,101.4,4.18,0.93,2.555,0,9418,21-01-2023,9768
22-01-2023,22,1,2023,19.42,26.55,13.01,19.78,101.37,3.56,1.38,2.47,0,9528,22-01-2023,9673
23-01-2023,23,1,2023,20.21,27.01,13.94,20.475,101.28,5.27,0.54,2.905,0,9579,23-01-2023,9927
24-01-2023,24,1,2023,20.26,27.77,13.61,20.69,101.33,4.9,1.36,3.13,0,9813,24-01-2023,10098
25-01-2023,25,1,2023,21.24,28.08,14.55,21.315,101.3,3.69,0.68,2.185,0,9797,25-01-2023,10048
26-01-2023,26,1,2023,22.33,28.62,16.55,22.585,101.19,2.41,1.31,1.86,0,9976,26-01-2023,10308
27-01-2023,27,1,2023,22.55,28.72,16.94,22.83,101.21,3.66,0.98,2.32,0,9007,27-01-2023,9356
28-01-2023,28,1,2023,21.8,28.42,16.05,22.235,101.21,3.97,1.83,2.9,0,9773,28-01-2023,10111
29-01-2023,29,1,2023,20.31,27.97,13.62,20.795,101.27,5.72,2.34,4.03,0,10024,29-01-2023,10300
30-01-2023,30,1,2023,21.22,29.3,14.04,21.67,101.33,4.21,1.16,2.685,0,10024,30-01-2023,10330
31-01-2023,31,1,2023,21.68,27.88,16.28,22.08,101.12,4.49,1.92,3.205,0,9821,31-01-2023,10187
01-02-2023,1,2,2023,21.22,28.48,15.58,22.03,101.11,7.69,3.82,5.755,0,10073,01-02-2023,10342
02-02-2023,2,2,2023,19.28,27.31,12.41,19.86,101.26,8.53,3.44,5.985,0,10054,02-02-2023,10365
03-02-2023,3,2,2023,18.73,27.35,11.64,19.495,101.19,5.97,2.95,4.46,0,9065,03-02-2023,9323
04-02-2023,4,2,2023,19.08,26.84,12.55,19.695,101.05,5.9,2.88,4.39,0,9936,04-02-2023,10264
05-02-2023,5,2,2023,19.76,27.41,13.36,20.385,101.04,4.23,1.38,2.805,0,9954,05-02-2023,10294
06-02-2023,6,2,2023,21.15,28.2,15.22,21.71,101.06,5.5,0.92,3.21,0,9800,06-02-2023,10170
07-02-2023,7,2,2023,21.64,29.05,13.55,21.3,100.95,5.32,0.59,2.955,0,9836,07-02-2023,10311
08-02-2023,8,2,2023,22.73,30.56,15.15,22.855,101.01,5.74,0.48,3.11,0,10022,08-02-2023,10436
09-02-2023,9,2,2023,22.69,29.8,16.47,23.135,101.09,3.96,0.45,2.205,0,10114,09-02-2023,10386
10-02-2023,10,2,2023,22.12,28.9,16.44,22.67,101.17,4.41,0.15,2.28,0,9198,10-02-2023,9703
11-02-2023,11,2,2023,22.7,31.27,14.14,22.705,101.06,5.27,1.95,3.61,0,9844,11-02-2023,10349
12-02-2023,12,2,2023,22.36,30.73,14.96,22.845,101.05,8.46,2.94,5.7,0,10086,12-02-2023,10355
13-02-2023,13,2,2023,20.44,27.9,13.08,20.49,101.2,8.7,2.77,5.735,0,10020,13-02-2023,10383
14-02-2023,14,2,2023,20.88,28.94,13.91,21.425,101.23,4.7,1.78,3.24,0,10174,14-02-2023,10499
15-02-2023,15,2,2023,21.58,28.61,14.58,21.595,101.07,3.7,1.05,2.375,0,10318,15-02-2023,10328
16-02-2023,16,2,2023,22.86,29.22,16.75,22.985,101.2,1.7,0.34,1.02,0,10119,16-02-2023,
17-02-2023,17,2,2023,23.65,29.94,17.91,23.925,101.34,1.74,0.49,1.115,0,9348,17-02-2023,9646
18-02-2023,18,2,2023,24.19,30.14,18.73,24.435,101.32,2.25,0.15,1.2,0,10123,18-02-2023,10586
19-02-2023,19,2,2023,24.58,30.34,18.56,24.45,101.23,2.02,0.47,1.245,0,10544,19-02-2023,10817
20-02-2023,20,2,2023,25.26,31.16,18.8,24.98,101.11,3.71,1.12,2.415,0,10298,20-02-2023,10801
21-02-2023,21,2,2023,25.91,32.23,19.82,26.025,101.07,5.11,1.81,3.46,0,9722,21-02-2023,10067
22-02-2023,22,2,2023,26.23,34.65,19.35,27,100.92,7.66,4.73,6.195,0.04,10840,22-02-2023,11090
23-02-2023,23,2,2023,26.19,34.27,19.38,26.825,100.97,7.49,1.31,4.4,0.08,10921,23-02-2023,11395
24-02-2023,24,2,2023,25.46,33.01,18.98,25.995,101.17,6.89,2.41,4.65,0.07,10277,24-02-2023,10679
25-02-2023,25,2,2023,25.73,33.58,19.44,26.51,101.43,5.83,0.45,3.14,0,11066,25-02-2023,11470
26-02-2023,26,2,2023,25.35,33.98,16.96,25.47,101.55,5.97,0.37,3.17,0,10729,26-02-2023,11233
27-02-2023,27,2,2023,26.14,33.8,19.44,26.62,101.45,4.91,0.29,2.6,0,11286,27-02-2023,11708
28-02-2023,28,2,2023,25.89,33.55,19.66,26.605,101.5,4.45,1.36,2.905,0,11176,28-02-2023,11540
01-03-2023,1,3,2023,25.83,34.07,17.86,25.965,101.53,4.79,0.89,2.84,0,11499,01-03-2023,11822
02-03-2023,2,3,2023,26.65,34.55,18.92,26.735,101.49,3.64,1.76,2.7,0,11515,02-03-2023,11818
03-03-2023,3,3,2023,27.53,35.01,21.01,28.01,101.48,5.44,0.97,3.205,0,10605,03-03-2023,10693
04-03-2023,4,3,2023,28.37,35.56,20.34,27.95,101.41,2.64,0.12,1.38,0,11704,04-03-2023,11872
05-03-2023,5,3,2023,28.39,35.79,21.29,28.54,101.28,4.31,0.41,2.36,0,11869,05-03-2023,12052
06-03-2023,6,3,2023,27.82,35.83,20.04,27.935,101.19,5.52,2.19,3.855,0,12062,06-03-2023,12465
07-03-2023,7,3,2023,27.02,35.55,18.84,27.195,101.27,5.36,2.46,3.91,0,11148,07-03-2023,11503
08-03-2023,8,3,2023,27.53,34.99,21.01,28,101.37,6.23,0.99,3.61,0,10471,08-03-2023,11020
09-03-2023,9,3,2023,27.65,34.83,20.37,27.6,101.25,7.11,1.8,4.455,0,11928,09-03-2023,12096
10-03-2023,10,3,2023,27.13,34.87,20.94,27.905,101.22,5.83,1.75,3.79,0,11874,10-03-2023,10945
11-03-2023,11,3,2023,29.02,35.99,22.71,29.35,101.22,4.39,1.95,3.17,0,12608,11-03-2023,12172
12-03-2023,12,3,2023,28.51,36.51,21.35,28.93,101.16,5.96,3.2,4.58,0,12459,12-03-2023,12748
13-03-2023,13,3,2023,29.25,36.69,21.76,29.225,100.98,4.37,0.66,2.515,0,10801,13-03-2023,12921
14-03-2023,14,3,2023,29.48,35.75,22.99,29.37,100.79,5.44,0.59,3.015,0,12433,14-03-2023,12920
15-03-2023,15,3,2023,28.65,36.14,22.75,29.445,100.75,6.75,2.3,4.525,0.13,12234,15-03-2023,12622
16-03-2023,16,3,2023,26.69,34.99,21.46,28.225,101.01,6.41,2.22,4.315,18.1,12504,16-03-2023,12891
17-03-2023,17,3,2023,24.15,27.23,20.9,24.065,101.16,4.25,0.33,2.29,3.63,9731,17-03-2023,10220
18-03-2023,18,3,2023,24.95,29.57,21.2,25.385,100.98,4.1,0.09,2.095,4.21,11944,18-03-2023,12345
19-03-2023,19,3,2023,24.37,27.87,21.29,24.58,100.85,6.92,0.9,3.91,2.31,9231,19-03-2023,9675
20-03-2023,20,3,2023,24.59,30.65,19.6,25.125,100.74,5.89,2.77,4.33,2.19,9954,20-03-2023,10324
21-03-2023,21,3,2023,25.82,31.31,20.56,25.935,100.74,4.6,1.26,2.93,2.01,9978,21-03-2023,10376
22-03-2023,22,3,2023,26.02,30.9,21.26,26.08,100.67,3.42,0.59,2.005,0.49,10850,22-03-2023,11259
23-03-2023,23,3,2023,26.58,32.85,19.93,26.39,100.65,4.19,0.23,2.21,0,11308,23-03-2023,11742
24-03-2023,24,3,2023,26.84,34.04,19.84,26.94,100.84,5.45,0.37,2.91,0.25,10477,24-03-2023,10892
25-03-2023,25,3,2023,27.89,35.04,20.76,27.9,100.89,4.83,0.66,2.745,0.08,10839,25-03-2023,11194
26-03-2023,26,3,2023,28.98,36.06,22.06,29.06,100.67,7.98,3.24,5.61,0.13,10246,26-03-2023,10776
27-03-2023,27,3,2023,28.75,34.73,23.08,28.905,100.65,7.94,0.97,4.455,0.36,11620,27-03-2023,12072
28-03-2023,28,3,2023,29.27,36.21,22.08,29.145,100.71,5.84,1.07,3.455,0.16,10795,28-03-2023,12575
29-03-2023,29,3,2023,29.03,35.63,23.48,29.555,100.86,6.94,2.33,4.635,0.73,12220,29-03-2023,11153
30-03-2023,30,3,2023,28.62,34.74,22.61,28.675,100.72,6.72,1.64,4.18,1.19,11715,30-03-2023,12128
31-03-2023,31,3,2023,27.38,32.47,22.87,27.67,100.77,6.03,0.46,3.245,2.71,10391,31-03-2023,10794
01-04-2023,1,4,2023,25.18,28.78,22.02,25.4,100.76,6.02,0.25,3.135,5.5,10120,01-04-2023,10593
02-04-2023,2,4,2023,26.96,33.82,19.84,26.83,100.54,5.15,0.69,2.92,0.41,10924,02-04-2023,11412
03-04-2023,3,4,2023,28.41,35.9,20.65,28.275,100.52,5.97,1.74,3.855,0.01,11764,03-04-2023,12363
04-04-2023,4,4,2023,29.7,37.3,22.99,30.145,100.57,7.02,2.35,4.685,0.14,12890,04-04-2023,13362
05-04-2023,5,4,2023,30.65,38.3,23.25,30.775,100.51,7.05,0.38,3.715,0.52,12818,05-04-2023,13253
06-04-2023,6,4,2023,30.07,38.15,22.58,30.365,100.8,4.69,2.18,3.435,0.07,12693,06-04-2023,13265
07-04-2023,7,4,2023,30.05,38.53,21.79,30.16,100.97,4.27,2.53,3.4,0,12389,07-04-2023,12813
08-04-2023,8,4,2023,31.24,38.87,23.03,30.95,101.07,3.97,0.16,2.065,0,13376,08-04-2023,13871
09-04-2023,9,4,2023,32.03,39.28,24.97,32.125,100.98,3.06,1.18,2.12,0,13763,09-04-2023,14176
10-04-2023,10,4,2023,31.9,39.21,24.15,31.68,100.82,4.38,1.61,2.995,0,14075,10-04-2023,14380
11-04-2023,11,4,2023,32.3,39.9,24.58,32.24,100.79,5.1,1.48,3.29,0,14366,11-04-2023,14779
12-04-2023,12,4,2023,32.53,40.59,23.46,32.025,100.68,3.12,0.95,2.035,0,14623,12-04-2023,14914
13-04-2023,13,4,2023,33.3,41.83,24.06,32.945,100.57,3.6,0.41,2.005,0,14864,13-04-2023,15304
14-04-2023,14,4,2023,33.23,42.19,24.73,33.46,100.54,5.51,2.33,3.92,0,14461,14-04-2023,14830
15-04-2023,15,4,2023,33.58,41.41,25.21,33.31,100.52,5.71,0.55,3.13,0,14239,15-04-2023,13969
16-04-2023,16,4,2023,34.19,42.45,26.45,34.45,100.38,5.65,1.39,3.52,0,15273,16-04-2023,14599
17-04-2023,17,4,2023,34.88,43.24,26.4,34.82,100.4,7.8,3.66,5.73,0,15386,17-04-2023,15604
18-04-2023,18,4,2023,34.3,41.52,27.87,34.695,100.56,8.16,3.97,6.065,0.11,15500,18-04-2023,15626
19-04-2023,19,4,2023,34.82,42.93,27.69,35.31,100.18,8.78,3.51,6.145,0.06,15370,19-04-2023,15648
20-04-2023,20,4,2023,34.85,43.55,27.39,35.47,99.92,10.4,4.22,7.31,0.27,13961,20-04-2023,14457
21-04-2023,21,4,2023,33.83,41.3,26.75,34.025,100.06,7.77,0.63,4.2,0.47,9415,21-04-2023,9781
22-04-2023,22,4,2023,33.39,40.65,26.24,33.445,100.19,6.04,0.95,3.495,0.2,11150,22-04-2023,11584
23-04-2023,23,4,2023,27.14,32.55,22.44,27.495,100.6,6.72,1.88,4.3,18.55,9006,23-04-2023,9442
24-04-2023,24,4,2023,28.98,36.32,21.37,28.845,100.89,2.7,0.18,1.44,0.05,9725,24-04-2023,10231
25-04-2023,25,4,2023,30.09,36.15,24.17,30.16,100.86,3.48,1.08,2.28,0.01,11280,25-04-2023,11836
26-04-2023,26,4,2023,31.54,37.79,25.1,31.445,100.63,2.92,0.35,1.635,0,11542,26-04-2023,12155
27-04-2023,27,4,2023,32.33,38.4,25.92,32.16,100.64,2.66,0.78,1.72,0,7488,27-04-2023,7753
28-04-2023,28,4,2023,30.94,37.63,24.38,31.005,100.72,4.2,1.55,2.875,0,11555,28-04-2023,12006
29-04-2023,29,4,2023,32.07,38.57,25.28,31.925,100.6,5.32,0.56,2.94,0.11,8917,29-04-2023,9235
30-04-2023,30,4,2023,30.58,35.76,25.89,30.825,100.56,4.66,0.62,2.64,0.28,11283,30-04-2023,11712
